airport,p01-airport1-p1.pddl,3,8,8,1
airport,p02-airport1-p1.pddl,9,9,9,9
airport,p03-airport1-p2.pddl,13,17,,
airport,p04-airport2-p1.pddl,3,20,20,1
airport,p05-airport2-p1.pddl,19,21,21,21
airport,p06-airport2-p2.pddl,23,41,41,22
airport,p07-airport2-p2.pddl,23,41,41,22
airport,p08-airport2-p3.pddl,41,62,62,43
airport,p09-airport2-p4.pddl,43,71,71,44
airport,p10-airport3-p1.pddl,3,18,18,1
airport,p11-airport3-p1.pddl,19,21,21,21
airport,p12-airport3-p2.pddl,23,39,39,22
airport,p13-airport3-p2.pddl,23,37,37,20
airport,p14-airport3-p3.pddl,41,60,60,43
airport,p15-airport3-p3.pddl,41,58,58,41
airport,p16-airport3-p4.pddl,59,79,79,62
airport,p17-airport3-p5.pddl,61,88,88,63
airport,p18-airport3-p6.pddl,79,107,107,82
airport,p19-airport3-p6.pddl,63,90,90,62
airport,p20-airport3-p7.pddl,82,115,115,83
airport,p21-airport4halfMUC-p2.pddl,26,101,101,54
airport,p22-airport4halfMUC-p3.pddl,29,148,148,55
airport,p23-airport4halfMUC-p4.pddl,31,168,168,42
airport,p24-airport4halfMUC-p4.pddl,72,162,162,114
airport,p25-airport4halfMUC-p5.pddl,76,212,212,119
airport,p26-airport4halfMUC-p6.pddl,78,220,220,94
airport,p27-airport4halfMUC-p6.pddl,118,246,246,198
airport,p28-airport4halfMUC-p7.pddl,122,294,294,201
airport,p29-airport4halfMUC-p8.pddl,124,308,308,182
airport,p30-airport4halfMUC-p8.pddl,164,310,310,262
airport,p31-airport4halfMUC-p9.pddl,168,358,358,265
airport,p32-airport4halfMUC-p10.pddl,170,390,390,264
airport,p33-airport4halfMUC-p10.pddl,191,393,393,300
airport,p34-airport4halfMUC-p11.pddl,193,427,427,301
airport,p35-airport4halfMUC-p12.pddl,196,433,433,302
airport,p36-airport5MUC-p2.pddl,,,109,61
airport,p37-airport5MUC-p3.pddl,,,141,141
airport,p38-airport5MUC-p3.pddl,,,154,107
airport,p39-airport5MUC-p4.pddl,,,208,208
airport,p40-airport5MUC-p4.pddl,,,190,142
airport,p41-airport5MUC-p4.pddl,,,178,108
airport,p42-airport5MUC-p5.pddl,,,257,209
airport,p43-airport5MUC-p5.pddl,,,223,153
airport,p44-airport5MUC-p5.pddl,,,227,106
airport,p45-airport5MUC-p6.pddl,,,249,107
airport,p46-airport5MUC-p6.pddl,,,290,220
airport,p47-airport5MUC-p8.pddl,,,355,213
airport,p48-airport5MUC-p9.pddl,,,423,351
airport,p49-airport5MUC-p10.pddl,,,451,307
airport,p50-airport5MUC-p15.pddl,,,685,540
barman-opt11-strips,pfile01-001.pddl,5,41,40,36
barman-opt11-strips,pfile01-002.pddl,5,41,41,36
barman-opt11-strips,pfile01-003.pddl,5,72,72,36
barman-opt11-strips,pfile01-004.pddl,5,41,41,36
barman-opt11-strips,pfile02-005.pddl,6,53,53,48
barman-opt11-strips,pfile02-006.pddl,6,51,50,48
barman-opt11-strips,pfile02-007.pddl,6,98,98,48
barman-opt11-strips,pfile02-008.pddl,6,53,53,48
barman-opt11-strips,pfile03-009.pddl,8,66,65,60
barman-opt11-strips,pfile03-010.pddl,8,65,64,60
barman-opt11-strips,pfile03-011.pddl,8,66,65,60
barman-opt11-strips,pfile03-012.pddl,8,65,64,60
barman-opt11-strips,pfile04-013.pddl,10,87,85,82
barman-opt11-strips,pfile04-014.pddl,10,90,88,84
barman-opt11-strips,pfile04-015.pddl,10,150,150,82
barman-opt11-strips,pfile04-016.pddl,10,87,85,82
barman-opt11-strips,pfile05-017.pddl,11,103,100,96
barman-opt11-strips,pfile05-018.pddl,11,103,100,96
barman-opt11-strips,pfile05-019.pddl,11,103,100,96
barman-opt11-strips,pfile05-020.pddl,11,103,100,96
blocks,probBLOCKS-10-0.pddl,18,18,18,18
blocks,probBLOCKS-10-1.pddl,18,20,20,20
blocks,probBLOCKS-10-2.pddl,18,20,20,20
blocks,probBLOCKS-11-0.pddl,16,22,22,18
blocks,probBLOCKS-11-1.pddl,20,22,22,22
blocks,probBLOCKS-11-2.pddl,16,22,22,18
blocks,probBLOCKS-12-0.pddl,20,24,24,22
blocks,probBLOCKS-12-1.pddl,22,22,22,22
blocks,probBLOCKS-13-0.pddl,24,24,24,24
blocks,probBLOCKS-13-1.pddl,24,26,26,26
blocks,probBLOCKS-14-0.pddl,22,28,28,24
blocks,probBLOCKS-14-1.pddl,26,28,28,28
blocks,probBLOCKS-15-0.pddl,26,30,30,26
blocks,probBLOCKS-15-1.pddl,26,30,30,26
blocks,probBLOCKS-16-1.pddl,30,32,32,32
blocks,probBLOCKS-16-2.pddl,26,30,30,26
blocks,probBLOCKS-17-0.pddl,32,34,34,34
blocks,probBLOCKS-4-0.pddl,6,6,6,6
blocks,probBLOCKS-4-1.pddl,5,8,8,6
blocks,probBLOCKS-4-2.pddl,6,6,6,6
blocks,probBLOCKS-5-0.pddl,7,10,10,8
blocks,probBLOCKS-5-1.pddl,6,8,8,6
blocks,probBLOCKS-5-2.pddl,8,10,10,10
blocks,probBLOCKS-6-0.pddl,10,12,12,12
blocks,probBLOCKS-6-1.pddl,10,10,10,10
blocks,probBLOCKS-6-2.pddl,10,12,12,12
blocks,probBLOCKS-7-0.pddl,12,14,14,14
blocks,probBLOCKS-7-1.pddl,10,14,14,12
blocks,probBLOCKS-7-2.pddl,10,14,14,10
blocks,probBLOCKS-8-0.pddl,12,14,14,12
blocks,probBLOCKS-8-1.pddl,10,16,16,10
blocks,probBLOCKS-8-2.pddl,14,14,14,14
blocks,probBLOCKS-9-0.pddl,14,18,18,16
blocks,probBLOCKS-9-1.pddl,14,18,18,16
blocks,probBLOCKS-9-2.pddl,16,18,18,18
depot,pfile1,4,9,9,4
depot,pfile10,9,15,15,10
depot,pfile11,20,28,26,20
depot,pfile12,23,33,32,24
depot,pfile13,12,21,20,12
depot,pfile14,9,16,15,10
depot,pfile15,28,33,33,28
depot,pfile16,10,18,18,11
depot,pfile17,12,17,17,12
depot,pfile18,26,33,33,28
depot,pfile19,15,22,21,15
depot,pfile2,6,11,11,6
depot,pfile20,26,33,33,27
depot,pfile21,14,26,26,14
depot,pfile22,35,,43,35
depot,pfile3,12,17,17,12
depot,pfile4,13,15,15,13
depot,pfile5,18,26,26,18
depot,pfile6,22,32,31,26
depot,pfile7,10,15,15,10
depot,pfile8,15,22,22,16
depot,pfile9,27,36,35,28
driverlog,pfile1,4,7,7,3
driverlog,pfile10,15,16,14,12
driverlog,pfile11,15,19,16,11
driverlog,pfile12,18,24,23,17
driverlog,pfile13,17,20,18,15
driverlog,pfile14,20,25,23,18
driverlog,pfile15,26,30,25,19
driverlog,pfile16,38,47,39,36
driverlog,pfile17,44,54,48,43
driverlog,pfile18,49,58,48,45
driverlog,pfile19,64,78,66,60
driverlog,pfile2,13,15,14,12
driverlog,pfile20,69,,62,60
driverlog,pfile3,9,11,11,8
driverlog,pfile4,12,12,12,11
driverlog,pfile5,13,15,15,12
driverlog,pfile6,9,10,10,8
driverlog,pfile7,12,12,12,11
driverlog,pfile8,14,15,14,12
driverlog,pfile9,14,18,17,12
elevators-opt08-strips,p01.pddl,7,25,25,0
elevators-opt08-strips,p02.pddl,6,20,20,0
elevators-opt08-strips,p03.pddl,4,26,26,0
elevators-opt08-strips,p04.pddl,9,26,26,0
elevators-opt08-strips,p05.pddl,9,37,37,0
elevators-opt08-strips,p06.pddl,10,25,25,0
elevators-opt08-strips,p07.pddl,6,28,28,0
elevators-opt08-strips,p08.pddl,7,26,26,0
elevators-opt08-strips,p09.pddl,14,38,38,0
elevators-opt08-strips,p10.pddl,9,27,26,0
elevators-opt08-strips,p11.pddl,11,40,40,0
elevators-opt08-strips,p12.pddl,4,30,30,0
elevators-opt08-strips,p13.pddl,13,39,39,0
elevators-opt08-strips,p14.pddl,6,42,42,0
elevators-opt08-strips,p15.pddl,10,35,35,0
elevators-opt08-strips,p16.pddl,9,36,36,0
elevators-opt08-strips,p17.pddl,14,49,49,0
elevators-opt08-strips,p18.pddl,13,44,44,0
elevators-opt08-strips,p19.pddl,9,47,47,0
elevators-opt08-strips,p20.pddl,16,48,47,0
elevators-opt08-strips,p21.pddl,8,32,32,0
elevators-opt08-strips,p22.pddl,3,29,29,0
elevators-opt08-strips,p23.pddl,9,33,33,0
elevators-opt08-strips,p24.pddl,6,38,38,0
elevators-opt08-strips,p25.pddl,11,38,38,0
elevators-opt08-strips,p26.pddl,6,33,33,0
elevators-opt08-strips,p27.pddl,15,43,40,0
elevators-opt08-strips,p28.pddl,10,34,34,0
elevators-opt08-strips,p29.pddl,12,38,38,0
elevators-opt08-strips,p30.pddl,14,45,45,0
elevators-opt11-strips,p01.pddl,11,40,40,0
elevators-opt11-strips,p02.pddl,8,32,32,0
elevators-opt11-strips,p03.pddl,4,30,30,0
elevators-opt11-strips,p04.pddl,4,26,26,0
elevators-opt11-strips,p05.pddl,13,39,39,0
elevators-opt11-strips,p06.pddl,9,26,26,0
elevators-opt11-strips,p07.pddl,6,33,33,0
elevators-opt11-strips,p08.pddl,9,37,37,0
elevators-opt11-strips,p09.pddl,3,29,29,0
elevators-opt11-strips,p10.pddl,6,42,42,0
elevators-opt11-strips,p11.pddl,10,34,34,0
elevators-opt11-strips,p12.pddl,10,25,25,0
elevators-opt11-strips,p13.pddl,6,28,28,0
elevators-opt11-strips,p14.pddl,7,26,26,0
elevators-opt11-strips,p15.pddl,14,38,38,0
elevators-opt11-strips,p16.pddl,10,35,35,0
elevators-opt11-strips,p17.pddl,14,49,49,0
elevators-opt11-strips,p18.pddl,13,44,44,0
elevators-opt11-strips,p19.pddl,9,33,33,0
elevators-opt11-strips,p20.pddl,6,38,38,0
floortile-opt11-strips,opt-p01-001.pddl,25,30,30,20
floortile-opt11-strips,opt-p01-002.pddl,25,29,28,23
floortile-opt11-strips,opt-p02-003.pddl,33,44,43,24
floortile-opt11-strips,opt-p02-004.pddl,32,37,36,27
floortile-opt11-strips,opt-p03-005.pddl,42,46,43,40
floortile-opt11-strips,opt-p03-006.pddl,42,47,46,38
floortile-opt11-strips,opt-p04-007.pddl,44,47,45,36
floortile-opt11-strips,opt-p04-008.pddl,44,51,50,33
floortile-opt11-strips,opt-p05-009.pddl,54,58,57,48
floortile-opt11-strips,opt-p05-010.pddl,56,58,58,45
floortile-opt11-strips,opt-p06-011.pddl,66,70,69,55
floortile-opt11-strips,opt-p06-012.pddl,67,69,66,54
floortile-opt11-strips,opt-p07-013.pddl,68,72,69,54
floortile-opt11-strips,opt-p07-014.pddl,68,70,68,54
floortile-opt11-strips,opt-p08-015.pddl,81,87,85,75
floortile-opt11-strips,opt-p08-016.pddl,81,87,83,68
floortile-opt11-strips,opt-p09-017.pddl,93,98,95,84
floortile-opt11-strips,opt-p09-018.pddl,92,101,98,85
floortile-opt11-strips,opt-p10-019.pddl,97,103,99,76
floortile-opt11-strips,opt-p10-020.pddl,99,102,98,79
freecell,pfile1,6,8,8,8
freecell,pfile10,5,37,37,36
freecell,pfile11,5,39,39,37
freecell,pfile12,5,37,37,36
freecell,pfile13,5,41,41,41
freecell,pfile14,5,40,40,40
freecell,pfile15,5,46,46,45
freecell,pfile16,5,46,46,45
freecell,pfile17,5,,49,48
freecell,pfile18,5,50,50,48
freecell,pfile19,5,55,55,52
freecell,pfile2,6,13,13,13
freecell,pfile20,5,52,52,52
freecell,pfile3,6,17,17,17
freecell,pfile4,6,22,,
freecell,pfile5,5,25,25,25
freecell,pfile6,5,29,29,28
freecell,pfile7,5,28,28,28
freecell,pfile8,5,33,,
freecell,pfile9,5,34,34,33
freecell,probfreecell-10-1.pddl,5,42,42,41
freecell,probfreecell-10-2.pddl,5,41,41,41
freecell,probfreecell-10-3.pddl,5,42,,
freecell,probfreecell-10-4.pddl,5,40,40,40
freecell,probfreecell-10-5.pddl,5,41,41,40
freecell,probfreecell-11-1.pddl,5,46,46,45
freecell,probfreecell-11-2.pddl,5,45,45,45
freecell,probfreecell-11-3.pddl,5,46,46,46
freecell,probfreecell-11-4.pddl,5,46,46,46
freecell,probfreecell-11-5.pddl,5,45,45,44
freecell,probfreecell-12-1.pddl,5,50,50,49
freecell,probfreecell-12-2.pddl,5,49,49,49
freecell,probfreecell-12-3.pddl,5,51,51,51
freecell,probfreecell-12-4.pddl,5,50,50,50
freecell,probfreecell-12-5.pddl,5,50,50,48
freecell,probfreecell-13-1.pddl,5,54,54,53
freecell,probfreecell-13-2.pddl,5,53,53,53
freecell,probfreecell-13-3.pddl,5,55,55,55
freecell,probfreecell-13-4.pddl,5,,54,54
freecell,probfreecell-13-5.pddl,5,,54,52
freecell,probfreecell-2-1.pddl,5,9,,
freecell,probfreecell-2-2.pddl,5,8,8,8
freecell,probfreecell-2-3.pddl,5,8,8,8
freecell,probfreecell-2-4.pddl,5,8,8,8
freecell,probfreecell-2-5.pddl,5,9,,
freecell,probfreecell-3-1.pddl,5,14,14,14
freecell,probfreecell-3-2.pddl,5,12,12,12
freecell,probfreecell-3-3.pddl,5,12,,
freecell,probfreecell-3-4.pddl,5,12,12,12
freecell,probfreecell-3-5.pddl,5,12,,
freecell,probfreecell-4-1.pddl,5,18,18,17
freecell,probfreecell-4-2.pddl,5,16,16,16
freecell,probfreecell-4-3.pddl,5,17,17,17
freecell,probfreecell-4-4.pddl,5,16,16,16
freecell,probfreecell-4-5.pddl,5,16,16,16
freecell,probfreecell-5-1.pddl,5,22,22,21
freecell,probfreecell-5-2.pddl,5,20,20,20
freecell,probfreecell-5-3.pddl,5,22,22,22
freecell,probfreecell-5-4.pddl,5,20,20,20
freecell,probfreecell-5-5.pddl,5,20,,
freecell,probfreecell-6-1.pddl,5,26,26,25
freecell,probfreecell-6-2.pddl,5,24,24,24
freecell,probfreecell-6-3.pddl,5,26,26,26
freecell,probfreecell-6-4.pddl,5,24,24,24
freecell,probfreecell-6-5.pddl,5,24,24,24
freecell,probfreecell-7-1.pddl,5,30,30,29
freecell,probfreecell-7-2.pddl,5,29,29,29
freecell,probfreecell-7-3.pddl,5,30,30,30
freecell,probfreecell-7-4.pddl,5,28,28,28
freecell,probfreecell-7-5.pddl,5,28,28,28
freecell,probfreecell-8-1.pddl,5,34,34,33
freecell,probfreecell-8-2.pddl,5,33,33,33
freecell,probfreecell-8-3.pddl,5,34,34,34
freecell,probfreecell-8-4.pddl,5,32,32,32
freecell,probfreecell-8-5.pddl,5,33,33,32
freecell,probfreecell-9-1.pddl,5,38,38,37
freecell,probfreecell-9-2.pddl,5,37,37,37
freecell,probfreecell-9-3.pddl,5,38,,
freecell,probfreecell-9-4.pddl,5,36,36,36
freecell,probfreecell-9-5.pddl,5,37,37,36
grid,prob01.pddl,3,10,10,2
grid,prob02.pddl,5,17,16,4
grid,prob03.pddl,10,19,17,10
grid,prob04.pddl,7,15,13,6
grid,prob05.pddl,14,,38,14
gripper,prob01.pddl,9,9,9,8
gripper,prob02.pddl,13,13,13,12
gripper,prob03.pddl,17,17,17,16
gripper,prob04.pddl,21,21,21,20
gripper,prob05.pddl,25,25,25,24
gripper,prob06.pddl,29,29,29,28
gripper,prob07.pddl,33,33,33,32
gripper,prob08.pddl,37,37,37,36
gripper,prob09.pddl,41,41,41,40
gripper,prob10.pddl,45,45,45,44
gripper,prob11.pddl,49,49,49,48
gripper,prob12.pddl,53,53,53,52
gripper,prob13.pddl,57,57,57,56
gripper,prob14.pddl,61,61,61,60
gripper,prob15.pddl,65,65,65,64
gripper,prob16.pddl,69,69,69,68
gripper,prob17.pddl,73,73,73,72
gripper,prob18.pddl,77,77,77,76
gripper,prob19.pddl,81,81,81,80
gripper,prob20.pddl,85,85,85,84
logistics00,probLOGISTICS-10-0.pddl,19,41,41,34
logistics00,probLOGISTICS-10-1.pddl,20,39,39,32
logistics00,probLOGISTICS-11-0.pddl,19,45,45,38
logistics00,probLOGISTICS-11-1.pddl,23,55,55,48
logistics00,probLOGISTICS-12-0.pddl,19,39,39,32
logistics00,probLOGISTICS-12-1.pddl,28,63,63,56
logistics00,probLOGISTICS-13-0.pddl,28,67,67,58
logistics00,probLOGISTICS-13-1.pddl,22,57,56,48
logistics00,probLOGISTICS-14-0.pddl,27,55,55,46
logistics00,probLOGISTICS-14-1.pddl,28,67,67,58
logistics00,probLOGISTICS-15-0.pddl,32,71,71,62
logistics00,probLOGISTICS-15-1.pddl,29,63,62,54
logistics00,probLOGISTICS-4-0.pddl,10,19,19,16
logistics00,probLOGISTICS-4-1.pddl,10,17,17,14
logistics00,probLOGISTICS-4-2.pddl,5,13,13,10
logistics00,probLOGISTICS-5-0.pddl,12,25,25,22
logistics00,probLOGISTICS-5-1.pddl,10,15,15,12
logistics00,probLOGISTICS-5-2.pddl,8,8,8,6
logistics00,probLOGISTICS-6-0.pddl,12,23,23,20
logistics00,probLOGISTICS-6-1.pddl,8,13,13,10
logistics00,probLOGISTICS-6-2.pddl,12,23,23,20
logistics00,probLOGISTICS-6-9.pddl,10,21,21,18
logistics00,probLOGISTICS-7-0.pddl,15,33,33,28
logistics00,probLOGISTICS-7-1.pddl,16,39,39,34
logistics00,probLOGISTICS-8-0.pddl,15,29,29,24
logistics00,probLOGISTICS-8-1.pddl,19,41,41,36
logistics00,probLOGISTICS-9-0.pddl,15,33,33,28
logistics00,probLOGISTICS-9-1.pddl,15,29,29,24
logistics98,prob01.pddl,14,24,24,18
logistics98,prob02.pddl,13,28,28,18
logistics98,prob03.pddl,18,50,50,30
logistics98,prob04.pddl,17,53,53,34
logistics98,prob05.pddl,12,22,22,14
logistics98,prob06.pddl,26,65,63,40
logistics98,prob07.pddl,14,29,29,20
logistics98,prob08.pddl,16,37,36,24
logistics98,prob09.pddl,29,75,73,50
logistics98,prob10.pddl,36,93,92,64
logistics98,prob11.pddl,11,27,27,20
logistics98,prob12.pddl,13,37,37,24
logistics98,prob13.pddl,23,65,65,38
logistics98,prob14.pddl,37,80,79,64
logistics98,prob15.pddl,31,82,81,66
logistics98,prob16.pddl,16,52,50,40
logistics98,prob17.pddl,12,42,40,32
logistics98,prob18.pddl,50,152,148,100
logistics98,prob19.pddl,49,130,125,96
logistics98,prob20.pddl,43,128,126,84
logistics98,prob21.pddl,31,95,92,60
logistics98,prob22.pddl,86,252,244,184
logistics98,prob23.pddl,42,99,97,84
logistics98,prob24.pddl,10,39,38,24
logistics98,prob25.pddl,,,172,106
logistics98,prob26.pddl,72,175,175,118
logistics98,prob27.pddl,50,135,131,86
logistics98,prob28.pddl,,,,
logistics98,prob29.pddl,102,274,270,206
logistics98,prob30.pddl,,,122,78
logistics98,prob31.pddl,8,12,12,8
logistics98,prob32.pddl,7,18,18,14
logistics98,prob33.pddl,16,25,25,20
logistics98,prob34.pddl,16,42,40,30
logistics98,prob35.pddl,14,29,29,18
miconic,s10-0.pddl,33,33,33,20
miconic,s10-1.pddl,32,32,32,20
miconic,s10-2.pddl,31,31,31,20
miconic,s10-3.pddl,34,34,34,20
miconic,s10-4.pddl,32,32,32,20
miconic,s1-0.pddl,3,3,3,2
miconic,s11-0.pddl,36,36,36,22
miconic,s11-1.pddl,34,34,34,22
miconic,s11-2.pddl,37,37,37,22
miconic,s11-3.pddl,37,37,37,22
miconic,s11-4.pddl,34,34,34,22
miconic,s1-1.pddl,3,3,3,2
miconic,s12-0.pddl,40,40,40,24
miconic,s12-1.pddl,40,40,40,24
miconic,s12-2.pddl,39,39,39,24
miconic,s12-3.pddl,38,38,38,24
miconic,s12-4.pddl,41,41,41,24
miconic,s1-2.pddl,3,3,3,2
miconic,s13-0.pddl,43,43,43,26
miconic,s13-1.pddl,41,41,41,26
miconic,s13-2.pddl,46,46,46,26
miconic,s13-3.pddl,43,43,43,26
miconic,s13-4.pddl,41,41,41,26
miconic,s1-3.pddl,3,3,3,2
miconic,s14-0.pddl,45,45,45,28
miconic,s14-1.pddl,47,47,47,28
miconic,s14-2.pddl,49,49,49,28
miconic,s14-3.pddl,42,42,42,28
miconic,s14-4.pddl,45,45,45,28
miconic,s1-4.pddl,3,3,3,2
miconic,s15-0.pddl,46,46,46,30
miconic,s15-1.pddl,49,49,49,30
miconic,s15-2.pddl,49,49,49,30
miconic,s15-3.pddl,50,50,50,30
miconic,s15-4.pddl,46,46,46,30
miconic,s16-0.pddl,53,53,53,32
miconic,s16-1.pddl,52,52,52,32
miconic,s16-2.pddl,54,54,54,32
miconic,s16-3.pddl,51,51,51,32
miconic,s16-4.pddl,53,53,53,32
miconic,s17-0.pddl,55,55,55,34
miconic,s17-1.pddl,54,54,54,34
miconic,s17-2.pddl,54,54,54,34
miconic,s17-3.pddl,59,59,59,34
miconic,s17-4.pddl,54,54,54,34
miconic,s18-0.pddl,59,59,59,36
miconic,s18-1.pddl,58,58,58,36
miconic,s18-2.pddl,58,58,58,36
miconic,s18-3.pddl,59,59,59,36
miconic,s18-4.pddl,56,56,56,36
miconic,s19-0.pddl,62,62,62,38
miconic,s19-1.pddl,65,65,65,38
miconic,s19-2.pddl,61,61,61,38
miconic,s19-3.pddl,63,63,63,38
miconic,s19-4.pddl,62,62,62,38
miconic,s20-0.pddl,63,63,63,40
miconic,s20-1.pddl,66,66,66,40
miconic,s20-2.pddl,62,62,62,40
miconic,s20-3.pddl,63,63,63,40
miconic,s20-4.pddl,64,64,64,40
miconic,s2-0.pddl,7,7,7,4
miconic,s21-0.pddl,69,69,69,42
miconic,s21-1.pddl,69,69,69,42
miconic,s21-2.pddl,69,69,69,42
miconic,s21-3.pddl,66,66,66,42
miconic,s21-4.pddl,70,70,70,42
miconic,s2-1.pddl,6,6,6,4
miconic,s22-0.pddl,72,72,72,44
miconic,s22-1.pddl,70,70,70,44
miconic,s22-2.pddl,71,71,71,44
miconic,s22-3.pddl,75,75,75,44
miconic,s22-4.pddl,71,71,71,44
miconic,s2-2.pddl,6,6,6,4
miconic,s23-0.pddl,75,75,75,46
miconic,s23-1.pddl,74,74,74,46
miconic,s23-2.pddl,73,73,73,46
miconic,s23-3.pddl,71,71,71,46
miconic,s23-4.pddl,74,74,74,46
miconic,s2-3.pddl,7,7,7,4
miconic,s24-0.pddl,79,79,79,48
miconic,s24-1.pddl,78,78,78,48
miconic,s24-2.pddl,77,77,77,48
miconic,s24-3.pddl,79,79,79,48
miconic,s24-4.pddl,77,77,77,48
miconic,s2-4.pddl,6,6,6,4
miconic,s25-0.pddl,81,81,81,50
miconic,s25-1.pddl,85,85,85,50
miconic,s25-2.pddl,78,78,78,50
miconic,s25-3.pddl,84,84,84,50
miconic,s25-4.pddl,82,82,82,50
miconic,s26-0.pddl,83,83,83,52
miconic,s26-1.pddl,83,83,83,52
miconic,s26-2.pddl,90,90,90,52
miconic,s26-3.pddl,88,88,88,52
miconic,s26-4.pddl,82,82,82,52
miconic,s27-0.pddl,87,87,87,54
miconic,s27-1.pddl,91,91,91,54
miconic,s27-2.pddl,87,87,87,54
miconic,s27-3.pddl,89,89,89,54
miconic,s27-4.pddl,88,88,88,54
miconic,s28-0.pddl,94,94,94,56
miconic,s28-1.pddl,92,92,92,56
miconic,s28-2.pddl,93,93,93,56
miconic,s28-3.pddl,87,87,87,56
miconic,s28-4.pddl,92,92,92,56
miconic,s29-0.pddl,94,94,94,58
miconic,s29-1.pddl,91,91,91,58
miconic,s29-2.pddl,95,95,95,58
miconic,s29-3.pddl,96,96,96,58
miconic,s29-4.pddl,99,99,99,58
miconic,s30-0.pddl,95,95,95,60
miconic,s30-1.pddl,98,98,98,60
miconic,s30-2.pddl,96,96,96,60
miconic,s30-3.pddl,100,100,100,60
miconic,s30-4.pddl,99,99,99,60
miconic,s3-0.pddl,10,10,10,6
miconic,s3-1.pddl,10,10,10,6
miconic,s3-2.pddl,9,9,9,6
miconic,s3-3.pddl,9,9,9,6
miconic,s3-4.pddl,9,9,9,6
miconic,s4-0.pddl,14,14,14,8
miconic,s4-1.pddl,13,13,13,8
miconic,s4-2.pddl,14,14,14,8
miconic,s4-3.pddl,14,14,14,8
miconic,s4-4.pddl,15,15,15,8
miconic,s5-0.pddl,17,17,17,10
miconic,s5-1.pddl,16,16,16,10
miconic,s5-2.pddl,14,14,14,10
miconic,s5-3.pddl,17,17,17,10
miconic,s5-4.pddl,17,17,17,10
miconic,s6-0.pddl,18,18,18,12
miconic,s6-1.pddl,19,19,19,12
miconic,s6-2.pddl,19,19,19,12
miconic,s6-3.pddl,18,18,18,12
miconic,s6-4.pddl,20,20,20,12
miconic,s7-0.pddl,23,23,23,14
miconic,s7-1.pddl,24,24,24,14
miconic,s7-2.pddl,22,22,22,14
miconic,s7-3.pddl,22,22,22,14
miconic,s7-4.pddl,25,25,25,14
miconic,s8-0.pddl,27,27,27,16
miconic,s8-1.pddl,26,26,26,16
miconic,s8-2.pddl,25,25,25,16
miconic,s8-3.pddl,27,27,27,16
miconic,s8-4.pddl,26,26,26,16
miconic,s9-0.pddl,30,30,30,18
miconic,s9-1.pddl,29,29,29,18
miconic,s9-2.pddl,29,29,29,18
miconic,s9-3.pddl,31,31,31,18
miconic,s9-4.pddl,27,27,27,18
mprime,prob01.pddl,2,5,5,2
mprime,prob02.pddl,3,5,4,4
mprime,prob03.pddl,3,4,3,2
mprime,prob04.pddl,4,7,6,2
mprime,prob05.pddl,4,7,6,4
mprime,prob06.pddl,3,7,6,4
mprime,prob07.pddl,4,5,5,2
mprime,prob08.pddl,2,5,4,2
mprime,prob09.pddl,4,6,5,4
mprime,prob10.pddl,2,5,5,2
mprime,prob11.pddl,4,7,7,4
mprime,prob12.pddl,2,4,4,2
mprime,prob13.pddl,3,10,9,4
mprime,prob14.pddl,3,8,7,4
mprime,prob15.pddl,2,4,4,2
mprime,prob16.pddl,3,5,4,4
mprime,prob17.pddl,2,4,4,2
mprime,prob18.pddl,2,7,7,2
mprime,prob19.pddl,2,4,3,2
mprime,prob20.pddl,2,4,4,2
mprime,prob21.pddl,2,3,3,2
mprime,prob22.pddl,2,5,5,2
mprime,prob23.pddl,2,6,6,2
mprime,prob24.pddl,2,4,4,2
mprime,prob25.pddl,2,4,4,2
mprime,prob26.pddl,2,5,4,2
mprime,prob27.pddl,3,5,4,4
mprime,prob28.pddl,4,6,5,4
mprime,prob29.pddl,2,3,3,2
mprime,prob30.pddl,4,6,5,4
mprime,prob31.pddl,2,3,3,2
mprime,prob32.pddl,2,5,5,2
mprime,prob33.pddl,2,7,6,2
mprime,prob34.pddl,2,3,3,2
mprime,prob35.pddl,2,4,4,2
mystery,prob01.pddl,2,4,4,2
mystery,prob02.pddl,3,5,5,4
mystery,prob03.pddl,3,4,4,2
mystery,prob04.pddl,4,,,2
mystery,prob05.pddl,4,8,8,4
mystery,prob06.pddl,3,8,7,4
mystery,prob07.pddl,,,,0
mystery,prob08.pddl,2,5,5,2
mystery,prob09.pddl,4,7,6,4
mystery,prob10.pddl,2,6,6,2
mystery,prob11.pddl,4,7,7,4
mystery,prob12.pddl,2,5,4,2
mystery,prob13.pddl,3,10,9,4
mystery,prob14.pddl,3,7,7,4
mystery,prob15.pddl,2,5,4,2
mystery,prob16.pddl,3,5,5,4
mystery,prob17.pddl,2,4,4,2
mystery,prob18.pddl,,,,0
mystery,prob19.pddl,2,4,4,2
mystery,prob20.pddl,2,5,5,2
mystery,prob21.pddl,2,3,3,2
mystery,prob22.pddl,2,7,6,4
mystery,prob23.pddl,2,9,8,4
mystery,prob24.pddl,2,,8,4
mystery,prob25.pddl,2,4,4,2
mystery,prob26.pddl,2,5,5,2
mystery,prob27.pddl,3,5,4,4
mystery,prob28.pddl,4,6,6,4
mystery,prob29.pddl,2,4,4,2
mystery,prob30.pddl,4,6,5,4
nomystery-opt11-strips,p01.pddl,9,9,9,6
nomystery-opt11-strips,p02.pddl,11,12,12,8
nomystery-opt11-strips,p03.pddl,13,13,13,10
nomystery-opt11-strips,p04.pddl,16,17,17,12
nomystery-opt11-strips,p05.pddl,20,21,21,14
nomystery-opt11-strips,p06.pddl,23,23,22,16
nomystery-opt11-strips,p07.pddl,25,27,25,18
nomystery-opt11-strips,p08.pddl,27,29,24,20
nomystery-opt11-strips,p09.pddl,28,32,30,22
nomystery-opt11-strips,p10.pddl,31,33,31,24
nomystery-opt11-strips,p11.pddl,9,9,9,6
nomystery-opt11-strips,p12.pddl,11,12,12,8
nomystery-opt11-strips,p13.pddl,13,13,13,10
nomystery-opt11-strips,p14.pddl,16,17,17,12
nomystery-opt11-strips,p15.pddl,20,21,21,14
nomystery-opt11-strips,p16.pddl,23,23,22,16
nomystery-opt11-strips,p17.pddl,25,27,25,18
nomystery-opt11-strips,p18.pddl,27,29,24,20
nomystery-opt11-strips,p19.pddl,28,32,30,22
nomystery-opt11-strips,p20.pddl,31,33,31,24
openstacks-opt08-strips,p01.pddl,0,1,1,0
openstacks-opt08-strips,p02.pddl,0,1,1,0
openstacks-opt08-strips,p03.pddl,0,1,1,0
openstacks-opt08-strips,p04.pddl,0,1,1,0
openstacks-opt08-strips,p05.pddl,0,1,1,0
openstacks-opt08-strips,p06.pddl,0,1,1,0
openstacks-opt08-strips,p07.pddl,0,1,1,0
openstacks-opt08-strips,p08.pddl,0,1,1,0
openstacks-opt08-strips,p09.pddl,0,1,1,0
openstacks-opt08-strips,p10.pddl,0,1,1,0
openstacks-opt08-strips,p11.pddl,0,1,1,0
openstacks-opt08-strips,p12.pddl,0,1,1,0
openstacks-opt08-strips,p13.pddl,0,1,1,0
openstacks-opt08-strips,p14.pddl,0,1,1,0
openstacks-opt08-strips,p15.pddl,0,1,1,0
openstacks-opt08-strips,p16.pddl,0,1,1,0
openstacks-opt08-strips,p17.pddl,0,1,1,0
openstacks-opt08-strips,p18.pddl,0,1,1,0
openstacks-opt08-strips,p19.pddl,0,1,1,0
openstacks-opt08-strips,p20.pddl,0,1,1,0
openstacks-opt08-strips,p21.pddl,0,1,1,0
openstacks-opt08-strips,p22.pddl,0,1,1,0
openstacks-opt08-strips,p23.pddl,0,1,1,0
openstacks-opt08-strips,p24.pddl,0,1,1,0
openstacks-opt08-strips,p25.pddl,0,1,1,0
openstacks-opt08-strips,p26.pddl,0,1,1,0
openstacks-opt08-strips,p27.pddl,0,1,1,0
openstacks-opt08-strips,p28.pddl,0,1,1,0
openstacks-opt08-strips,p29.pddl,0,1,1,0
openstacks-opt08-strips,p30.pddl,0,1,1,0
openstacks-opt11-strips,p01.pddl,0,1,1,0
openstacks-opt11-strips,p02.pddl,0,1,1,0
openstacks-opt11-strips,p03.pddl,0,1,1,0
openstacks-opt11-strips,p04.pddl,0,1,1,0
openstacks-opt11-strips,p05.pddl,0,1,1,0
openstacks-opt11-strips,p06.pddl,0,1,1,0
openstacks-opt11-strips,p07.pddl,0,1,1,0
openstacks-opt11-strips,p08.pddl,0,1,1,0
openstacks-opt11-strips,p09.pddl,0,1,1,0
openstacks-opt11-strips,p10.pddl,0,1,1,0
openstacks-opt11-strips,p11.pddl,0,1,1,0
openstacks-opt11-strips,p12.pddl,0,1,1,0
openstacks-opt11-strips,p13.pddl,0,1,1,0
openstacks-opt11-strips,p14.pddl,0,1,1,0
openstacks-opt11-strips,p15.pddl,0,1,1,0
openstacks-opt11-strips,p16.pddl,0,1,1,0
openstacks-opt11-strips,p17.pddl,0,1,1,0
openstacks-opt11-strips,p18.pddl,0,1,1,0
openstacks-opt11-strips,p19.pddl,0,1,1,0
openstacks-opt11-strips,p20.pddl,0,1,1,0
openstacks-strips,p01.pddl,8,17,16,10
openstacks-strips,p02.pddl,8,19,18,10
openstacks-strips,p03.pddl,8,17,16,10
openstacks-strips,p04.pddl,8,17,16,10
openstacks-strips,p05.pddl,8,17,16,10
openstacks-strips,p06.pddl,13,37,37,20
openstacks-strips,p07.pddl,13,32,31,20
openstacks-strips,p08.pddl,18,52,50,30
openstacks-strips,p09.pddl,18,52,50,30
openstacks-strips,p10.pddl,23,64,63,40
openstacks-strips,p11.pddl,23,63,62,40
openstacks-strips,p12.pddl,23,69,68,40
openstacks-strips,p13.pddl,23,61,60,40
openstacks-strips,p14.pddl,23,61,60,40
openstacks-strips,p15.pddl,23,77,77,40
openstacks-strips,p16.pddl,23,69,68,40
openstacks-strips,p17.pddl,23,74,72,40
openstacks-strips,p18.pddl,29,110,108,50
openstacks-strips,p19.pddl,28,83,82,50
openstacks-strips,p20.pddl,33,99,98,60
openstacks-strips,p21.pddl,33,94,93,60
openstacks-strips,p22.pddl,33,97,96,60
openstacks-strips,p23.pddl,33,105,104,60
openstacks-strips,p24.pddl,53,198,198,100
openstacks-strips,p25.pddl,53,,185,100
openstacks-strips,p26.pddl,53,163,162,100
openstacks-strips,p27.pddl,78,,252,150
openstacks-strips,p28.pddl,,,298,200
openstacks-strips,p29.pddl,,,381,200
openstacks-strips,p30.pddl,103,,394,200
parcprinter-08-strips,p01.pddl,169009,169009,169009,169009
parcprinter-08-strips,p02.pddl,438047,438047,438047,438047
parcprinter-08-strips,p03.pddl,807114,807114,807114,807114
parcprinter-08-strips,p04.pddl,876094,876094,876094,876094
parcprinter-08-strips,p05.pddl,1145132,1145132,1145132,1145132
parcprinter-08-strips,p06.pddl,1514199,1514199,1514199,1514199
parcprinter-08-strips,p07.pddl,1383121,1383121,1383121,1383121
parcprinter-08-strips,p08.pddl,1852217,1852217,1852217,1852217
parcprinter-08-strips,p09.pddl,2121255,2121255,2121255,2121255
parcprinter-08-strips,p10.pddl,2490322,2490322,2490322,2490322
parcprinter-08-strips,p11.pddl,165989,182808,182808,182808
parcprinter-08-strips,p12.pddl,425725,510256,510256,510256
parcprinter-08-strips,p13.pddl,591714,693064,693064,693064
parcprinter-08-strips,p14.pddl,851450,1020512,1020512,1020512
parcprinter-08-strips,p15.pddl,1323035,1695507,1695507,1695507
parcprinter-08-strips,p16.pddl,1370922,1675408,1675408,1675408
parcprinter-08-strips,p17.pddl,1443164,1713576,1713576,1713576
parcprinter-08-strips,p18.pddl,1890394,2330304,2330304,2330304
parcprinter-08-strips,p19.pddl,2579475,3352846,3352846,3352846
parcprinter-08-strips,p20.pddl,2246727,2754187,2754187,2754187
parcprinter-08-strips,p21.pddl,142599,143411,143411,143411
parcprinter-08-strips,p22.pddl,374197,375821,375821,375821
parcprinter-08-strips,p23.pddl,516796,519232,519232,519232
parcprinter-08-strips,p24.pddl,748394,751642,751642,751642
parcprinter-08-strips,p25.pddl,1192845,1215839,1215839,1215839
parcprinter-08-strips,p26.pddl,1211590,1216462,1216462,1216462
parcprinter-08-strips,p27.pddl,1265190,1270874,1270874,1270874
parcprinter-08-strips,p28.pddl,1674786,1681282,1681282,1681282
parcprinter-08-strips,p29.pddl,2336088,2377265,2377265,2377265
parcprinter-08-strips,p30.pddl,1994839,2021893,2021893,2021893
parcprinter-opt11-strips,p01.pddl,374197,375821,375821,375821
parcprinter-opt11-strips,p02.pddl,438047,438047,438047,438047
parcprinter-opt11-strips,p03.pddl,425725,510256,510256,510256
parcprinter-opt11-strips,p04.pddl,876094,876094,876094,876094
parcprinter-opt11-strips,p05.pddl,516796,519232,519232,519232
parcprinter-opt11-strips,p06.pddl,1514199,1514199,1514199,1514199
parcprinter-opt11-strips,p07.pddl,1145132,1145132,1145132,1145132
parcprinter-opt11-strips,p08.pddl,748394,751642,751642,751642
parcprinter-opt11-strips,p09.pddl,591714,693064,693064,693064
parcprinter-opt11-strips,p10.pddl,1192845,1215839,1215839,1215839
parcprinter-opt11-strips,p11.pddl,1211590,1216462,1216462,1216462
parcprinter-opt11-strips,p12.pddl,851450,1020512,1020512,1020512
parcprinter-opt11-strips,p13.pddl,1383121,1383121,1383121,1383121
parcprinter-opt11-strips,p14.pddl,1852217,1852217,1852217,1852217
parcprinter-opt11-strips,p15.pddl,2121255,2121255,2121255,2121255
parcprinter-opt11-strips,p16.pddl,2490322,2490322,2490322,2490322
parcprinter-opt11-strips,p17.pddl,1323035,1695507,1695507,1695507
parcprinter-opt11-strips,p18.pddl,1370922,1675408,1675408,1675408
parcprinter-opt11-strips,p19.pddl,1443164,1713576,1713576,1713576
parcprinter-opt11-strips,p20.pddl,1265190,1270874,1270874,1270874
parcprinter-sat11-strips,p01.pddl,1383121,1383121,1383121,1383121
parcprinter-sat11-strips,p02.pddl,1852217,1852217,1852217,1852217
parcprinter-sat11-strips,p03.pddl,2490322,2490322,2490322,2490322
parcprinter-sat11-strips,p04.pddl,2246727,2754187,2754187,2754187
parcprinter-sat11-strips,p05.pddl,1211590,1216462,1216462,1216462
parcprinter-sat11-strips,p06.pddl,1265190,1270874,1270874,1270874
parcprinter-sat11-strips,p07.pddl,2121255,2121255,2121255,2121255
parcprinter-sat11-strips,p08.pddl,1674786,1681282,1681282,1681282
parcprinter-sat11-strips,p09.pddl,2336088,2377265,2377265,2377265
parcprinter-sat11-strips,p10.pddl,1994839,2021893,2021893,2021893
parcprinter-sat11-strips,p11.pddl,1629147,1891203,1891203,1891203
parcprinter-sat11-strips,p12.pddl,2828340,2828340,2828340,2828340
parcprinter-sat11-strips,p13.pddl,3335367,3335367,3335367,3335367
parcprinter-sat11-strips,p14.pddl,2578705,3119803,3119803,3119803
parcprinter-sat11-strips,p15.pddl,2494225,3160001,3160001,3160001
parcprinter-sat11-strips,p16.pddl,2826203,3525617,3525617,3525617
parcprinter-sat11-strips,p17.pddl,1520895,1556448,1556448,1556448
parcprinter-sat11-strips,p18.pddl,2313344,2376643,2376643,2376643
parcprinter-sat11-strips,p19.pddl,2974646,3072626,3072626,3072626
parcprinter-sat11-strips,p20.pddl,2280037,2308715,2308715,2308715
parking-opt11-strips,pfile03-011.pddl,9,10,9,8
parking-opt11-strips,pfile03-012.pddl,13,13,13,12
parking-opt11-strips,pfile04-013.pddl,15,15,15,14
parking-opt11-strips,pfile04-014.pddl,14,15,14,13
parking-opt11-strips,pfile04-015.pddl,14,13,13,13
parking-opt11-strips,pfile04-016.pddl,13,13,13,12
parking-opt11-strips,pfile05-017.pddl,16,15,15,15
parking-opt11-strips,pfile05-018.pddl,15,14,14,14
parking-opt11-strips,pfile05-019.pddl,17,17,17,16
parking-opt11-strips,pfile05-020.pddl,17,17,17,16
parking-opt11-strips,pfile06-021.pddl,18,19,19,17
parking-opt11-strips,pfile06-022.pddl,19,20,20,18
parking-opt11-strips,pfile06-023.pddl,17,19,19,16
parking-opt11-strips,pfile06-024.pddl,18,19,18,17
parking-opt11-strips,pfile07-025.pddl,21,21,21,20
parking-opt11-strips,pfile07-026.pddl,20,19,19,19
parking-opt11-strips,pfile07-027.pddl,,20,20,20
parking-opt11-strips,pfile07-028.pddl,,23,23,20
parking-opt11-strips,pfile08-029.pddl,,,21,21
parking-opt11-strips,pfile08-030.pddl,,,22,22
pathways-noneg,p01.pddl,6,6,6,1
pathways-noneg,p02.pddl,10,12,12,2
pathways-noneg,p03.pddl,16,18,17,3
pathways-noneg,p04.pddl,15,17,16,4
pathways-noneg,p05.pddl,28,30,28,6
pathways-noneg,p06.pddl,40,55,50,8
pathways-noneg,p07.pddl,46,63,57,11
pathways-noneg,p08.pddl,52,76,66,12
pathways-noneg,p09.pddl,46,61,54,13
pathways-noneg,p10.pddl,51,73,72,14
pathways-noneg,p11.pddl,53,80,73,15
pathways-noneg,p12.pddl,61,91,74,16
pathways-noneg,p13.pddl,64,96,80,17
pathways-noneg,p14.pddl,69,98,83,18
pathways-noneg,p15.pddl,73,102,97,19
pathways-noneg,p16.pddl,72,130,115,20
pathways-noneg,p17.pddl,85,145,131,21
pathways-noneg,p18.pddl,93,159,148,24
pathways-noneg,p19.pddl,103,150,134,26
pathways-noneg,p20.pddl,95,174,155,27
pathways-noneg,p21.pddl,97,175,153,28
pathways-noneg,p22.pddl,102,149,134,29
pathways-noneg,p23.pddl,105,170,150,30
pathways-noneg,p24.pddl,105,208,188,31
pathways-noneg,p25.pddl,112,169,150,33
pathways-noneg,p26.pddl,111,188,170,34
pathways-noneg,p27.pddl,116,223,204,35
pathways-noneg,p28.pddl,119,194,165,37
pathways-noneg,p29.pddl,127,242,223,39
pathways-noneg,p30.pddl,127,252,230,40
pegsol-08-strips,p01.pddl,0,2,2,2
pegsol-08-strips,p02.pddl,0,1,1,0
pegsol-08-strips,p03.pddl,0,1,1,0
pegsol-08-strips,p04.pddl,0,2,2,2
pegsol-08-strips,p05.pddl,0,2,2,0
pegsol-08-strips,p06.pddl,0,1,1,1
pegsol-08-strips,p07.pddl,0,3,3,3
pegsol-08-strips,p08.pddl,0,1,1,0
pegsol-08-strips,p09.pddl,0,3,3,3
pegsol-08-strips,p10.pddl,0,3,3,2
pegsol-08-strips,p11.pddl,0,3,3,2
pegsol-08-strips,p12.pddl,0,3,3,2
pegsol-08-strips,p13.pddl,0,4,4,4
pegsol-08-strips,p14.pddl,0,4,4,4
pegsol-08-strips,p15.pddl,0,3,3,3
pegsol-08-strips,p16.pddl,0,7,7,7
pegsol-08-strips,p17.pddl,0,2,2,1
pegsol-08-strips,p18.pddl,0,5,5,5
pegsol-08-strips,p19.pddl,0,4,4,4
pegsol-08-strips,p20.pddl,0,2,2,1
pegsol-08-strips,p21.pddl,0,3,3,3
pegsol-08-strips,p22.pddl,0,3,3,3
pegsol-08-strips,p23.pddl,0,3,3,2
pegsol-08-strips,p24.pddl,0,4,4,4
pegsol-08-strips,p25.pddl,0,3,3,2
pegsol-08-strips,p26.pddl,0,3,3,1
pegsol-08-strips,p27.pddl,0,4,4,4
pegsol-08-strips,p28.pddl,0,8,8,8
pegsol-08-strips,p29.pddl,0,5,5,5
pegsol-08-strips,p30.pddl,0,10,10,9
pegsol-opt11-strips,p01.pddl,0,1,1,1
pegsol-opt11-strips,p02.pddl,0,2,2,1
pegsol-opt11-strips,p03.pddl,0,5,5,5
pegsol-opt11-strips,p04.pddl,0,4,4,4
pegsol-opt11-strips,p05.pddl,0,7,7,7
pegsol-opt11-strips,p06.pddl,0,2,2,2
pegsol-opt11-strips,p07.pddl,0,3,3,3
pegsol-opt11-strips,p08.pddl,0,2,2,1
pegsol-opt11-strips,p09.pddl,0,2,2,2
pegsol-opt11-strips,p10.pddl,0,3,3,3
pegsol-opt11-strips,p11.pddl,0,3,3,3
pegsol-opt11-strips,p12.pddl,0,5,5,5
pegsol-opt11-strips,p13.pddl,0,3,3,2
pegsol-opt11-strips,p14.pddl,0,4,4,4
pegsol-opt11-strips,p15.pddl,0,3,3,2
pegsol-opt11-strips,p16.pddl,0,3,3,1
pegsol-opt11-strips,p17.pddl,0,4,4,4
pegsol-opt11-strips,p18.pddl,0,8,8,8
pegsol-opt11-strips,p19.pddl,0,5,5,5
pegsol-opt11-strips,p20.pddl,0,10,10,9
pipesworld-notankage,p01-net1-b6-g2.pddl,3,5,5,3
pipesworld-notankage,p02-net1-b6-g4.pddl,4,8,8,6
pipesworld-notankage,p03-net1-b8-g3.pddl,3,6,6,4
pipesworld-notankage,p04-net1-b8-g5.pddl,5,7,7,7
pipesworld-notankage,p05-net1-b10-g4.pddl,4,7,6,5
pipesworld-notankage,p06-net1-b10-g6.pddl,6,8,7,7
pipesworld-notankage,p07-net1-b12-g5.pddl,5,7,6,6
pipesworld-notankage,p08-net1-b12-g7.pddl,7,9,8,8
pipesworld-notankage,p09-net1-b14-g6.pddl,6,12,12,9
pipesworld-notankage,p10-net1-b14-g8.pddl,8,15,14,12
pipesworld-notankage,p11-net2-b10-g2.pddl,5,9,8,6
pipesworld-notankage,p12-net2-b10-g4.pddl,7,14,14,13
pipesworld-notankage,p13-net2-b12-g3.pddl,5,11,11,8
pipesworld-notankage,p14-net2-b12-g5.pddl,8,18,18,14
pipesworld-notankage,p15-net2-b14-g4.pddl,6,12,11,9
pipesworld-notankage,p16-net2-b14-g6.pddl,10,24,18,16
pipesworld-notankage,p17-net2-b16-g5.pddl,8,14,14,12
pipesworld-notankage,p18-net2-b16-g7.pddl,11,20,18,18
pipesworld-notankage,p19-net2-b18-g6.pddl,9,15,15,12
pipesworld-notankage,p20-net2-b18-g8.pddl,13,18,18,16
pipesworld-notankage,p21-net3-b12-g2.pddl,4,8,8,4
pipesworld-notankage,p22-net3-b12-g4.pddl,6,14,14,7
pipesworld-notankage,p23-net3-b14-g3.pddl,5,11,10,6
pipesworld-notankage,p24-net3-b14-g5.pddl,8,12,12,10
pipesworld-notankage,p25-net3-b16-g5.pddl,8,16,16,13
pipesworld-notankage,p26-net3-b16-g7.pddl,10,20,20,17
pipesworld-notankage,p27-net3-b18-g6.pddl,9,17,16,16
pipesworld-notankage,p28-net3-b18-g7.pddl,10,20,20,18
pipesworld-notankage,p29-net3-b20-g6.pddl,9,17,17,12
pipesworld-notankage,p30-net3-b20-g8.pddl,11,24,22,20
pipesworld-notankage,p31-net4-b14-g3.pddl,5,11,11,8
pipesworld-notankage,p32-net4-b14-g5.pddl,7,15,15,13
pipesworld-notankage,p33-net4-b16-g5.pddl,6,14,14,11
pipesworld-notankage,p34-net4-b16-g6.pddl,8,18,17,16
pipesworld-notankage,p35-net4-b18-g4.pddl,5,10,10,8
pipesworld-notankage,p36-net4-b18-g6.pddl,7,15,15,13
pipesworld-notankage,p37-net4-b20-g5.pddl,6,11,11,9
pipesworld-notankage,p38-net4-b20-g7.pddl,9,15,15,12
pipesworld-notankage,p39-net4-b22-g7.pddl,9,15,15,14
pipesworld-notankage,p40-net4-b22-g8.pddl,10,17,17,16
pipesworld-notankage,p41-net5-b22-g2.pddl,3,7,7,6
pipesworld-notankage,p42-net5-b22-g4.pddl,5,13,13,10
pipesworld-notankage,p43-net5-b24-g3.pddl,4,13,13,9
pipesworld-notankage,p44-net5-b24-g5.pddl,7,19,19,17
pipesworld-notankage,p45-net5-b26-g4.pddl,6,,17,12
pipesworld-notankage,p46-net5-b26-g6.pddl,8,21,20,16
pipesworld-notankage,p47-net5-b28-g5.pddl,7,,18,12
pipesworld-notankage,p48-net5-b28-g7.pddl,9,,21,19
pipesworld-notankage,p49-net5-b30-g6.pddl,7,15,15,12
pipesworld-notankage,p50-net5-b30-g8.pddl,10,,20,18
pipesworld-tankage,p01-net1-b6-g2-t50.pddl,3,5,5,5
pipesworld-tankage,p02-net1-b6-g4-t50.pddl,4,8,8,8
pipesworld-tankage,p03-net1-b8-g3-t80.pddl,3,7,7,7
pipesworld-tankage,p04-net1-b8-g5-t80.pddl,5,8,8,8
pipesworld-tankage,p05-net1-b10-g4-t50.pddl,4,7,7,7
pipesworld-tankage,p06-net1-b10-g6-t50.pddl,6,9,9,9
pipesworld-tankage,p07-net1-b12-g5-t80.pddl,5,7,7,7
pipesworld-tankage,p08-net1-b12-g7-t80.pddl,7,9,9,9
pipesworld-tankage,p09-net1-b14-g6-t50.pddl,6,13,13,12
pipesworld-tankage,p10-net1-b14-g8-t50.pddl,8,16,16,16
pipesworld-tankage,p11-net2-b10-g2-t30.pddl,4,10,10,10
pipesworld-tankage,p12-net2-b10-g4-t60.pddl,6,16,16,16
pipesworld-tankage,p13-net2-b12-g3-t70.pddl,5,12,12,12
pipesworld-tankage,p14-net2-b12-g5-t30.pddl,7,18,18,16
pipesworld-tankage,p15-net2-b14-g4-t30.pddl,5,14,14,12
pipesworld-tankage,p16-net2-b14-g6-t80.pddl,8,24,22,22
pipesworld-tankage,p17-net2-b16-g5-t20.pddl,7,15,15,14
pipesworld-tankage,p18-net2-b16-g7-t60.pddl,9,22,22,22
pipesworld-tankage,p19-net2-b18-g6-t60.pddl,8,17,17,14
pipesworld-tankage,p20-net2-b18-g8-t90.pddl,,19,19,19
pipesworld-tankage,p21-net3-b12-g2-t60.pddl,3,10,10,8
pipesworld-tankage,p22-net3-b12-g4-t60.pddl,5,16,16,16
pipesworld-tankage,p23-net3-b14-g3-t60.pddl,5,13,13,11
pipesworld-tankage,p24-net3-b14-g5-t60.pddl,7,15,15,15
pipesworld-tankage,p25-net3-b16-g5-t60.pddl,,,20,19
pipesworld-tankage,p26-net3-b16-g7-t70.pddl,,,21,20
pipesworld-tankage,p27-net3-b18-g6-t70.pddl,,,18,18
pipesworld-tankage,p28-net3-b18-g7-t70.pddl,,,24,24
pipesworld-tankage,p29-net3-b20-g6-t70.pddl,,,20,20
pipesworld-tankage,p30-net3-b20-g8-t70.pddl,,,30,30
pipesworld-tankage,p31-net4-b14-g3-t20.pddl,5,14,14,14
pipesworld-tankage,p32-net4-b14-g5-t30.pddl,6,18,18,18
pipesworld-tankage,p33-net4-b16-g5-t60.pddl,6,20,19,19
pipesworld-tankage,p34-net4-b16-g6-t60.pddl,,,21,21
pipesworld-tankage,p35-net4-b18-g4-t90.pddl,,,12,11
pipesworld-tankage,p36-net4-b18-g6-t90.pddl,,,16,16
pipesworld-tankage,p37-net4-b20-g5-t60.pddl,,,15,14
pipesworld-tankage,p38-net4-b20-g7-t60.pddl,,,18,18
pipesworld-tankage,p39-net4-b22-g7-t50.pddl,,,20,20
pipesworld-tankage,p40-net4-b22-g8-t50.pddl,,,20,20
pipesworld-tankage,p41-net5-b22-g2-t20.pddl,,,8,8
pipesworld-tankage,p42-net5-b22-g4-t50.pddl,,,17,14
pipesworld-tankage,p43-net5-b24-g3-t80.pddl,,,15,13
pipesworld-tankage,p44-net5-b24-g5-t80.pddl,,,22,21
pipesworld-tankage,p45-net5-b26-g4-t50.pddl,,,19,17
pipesworld-tankage,p46-net5-b26-g6-t50.pddl,,,24,23
pipesworld-tankage,p47-net5-b28-g5-t50.pddl,,,22,21
pipesworld-tankage,p48-net5-b28-g7-t50.pddl,,,26,26
pipesworld-tankage,p49-net5-b30-g6-t50.pddl,,,17,16
pipesworld-tankage,p50-net5-b30-g8-t50.pddl,,,22,21
psr-small,p01-s2-n1-l2-f50.pddl,1,3,3,3
psr-small,p02-s5-n1-l3-f30.pddl,1,4,4,4
psr-small,p03-s7-n1-l3-f70.pddl,1,4,4,4
psr-small,p04-s8-n1-l4-f10.pddl,1,4,4,4
psr-small,p05-s9-n1-l4-f30.pddl,1,4,4,4
psr-small,p06-s10-n1-l4-f50.pddl,1,3,3,3
psr-small,p07-s11-n1-l4-f70.pddl,1,4,4,4
psr-small,p08-s12-n1-l5-f10.pddl,1,3,3,3
psr-small,p09-s13-n1-l5-f30.pddl,1,3,3,3
psr-small,p10-s17-n2-l2-f30.pddl,2,5,5,5
psr-small,p11-s18-n2-l2-f50.pddl,2,7,7,7
psr-small,p12-s21-n2-l3-f30.pddl,2,6,6,6
psr-small,p13-s22-n2-l3-f50.pddl,3,8,8,8
psr-small,p14-s23-n2-l3-f70.pddl,2,4,4,4
psr-small,p15-s24-n2-l4-f10.pddl,2,5,5,1
psr-small,p16-s29-n2-l5-f30.pddl,2,11,11,1
psr-small,p17-s30-n2-l5-f50.pddl,2,4,4,4
psr-small,p18-s31-n2-l5-f70.pddl,2,5,5,5
psr-small,p19-s33-n3-l2-f30.pddl,2,17,16,1
psr-small,p20-s34-n3-l2-f50.pddl,3,7,7,7
psr-small,p21-s35-n3-l2-f70.pddl,3,5,5,5
psr-small,p22-s37-n3-l3-f30.pddl,4,14,14,14
psr-small,p23-s38-n3-l3-f50.pddl,3,6,6,6
psr-small,p24-s39-n3-l3-f70.pddl,3,5,5,5
psr-small,p25-s40-n3-l4-f10.pddl,2,4,4,1
psr-small,p26-s41-n3-l4-f30.pddl,3,7,7,7
psr-small,p27-s42-n3-l4-f50.pddl,3,9,9,9
psr-small,p28-s43-n3-l4-f70.pddl,3,7,7,7
psr-small,p29-s45-n3-l5-f30.pddl,5,13,13,13
psr-small,p30-s46-n3-l5-f50.pddl,3,9,9,9
psr-small,p31-s49-n4-l2-f30.pddl,2,6,6,1
psr-small,p32-s50-n4-l2-f50.pddl,4,10,10,10
psr-small,p33-s51-n4-l2-f70.pddl,2,10,10,1
psr-small,p34-s55-n4-l3-f70.pddl,4,9,9,9
psr-small,p35-s57-n5-l2-f30.pddl,2,10,10,1
psr-small,p36-s65-n6-l2-f30.pddl,2,11,11,1
psr-small,p37-s67-n6-l2-f70.pddl,6,12,12,12
psr-small,p38-s78-n3-l3-f50.pddl,3,7,7,7
psr-small,p39-s79-n3-l3-f70.pddl,3,10,10,10
psr-small,p40-s80-n3-l4-f10.pddl,2,9,9,1
psr-small,p41-s81-n3-l4-f30.pddl,3,5,5,5
psr-small,p42-s82-n3-l4-f50.pddl,2,14,14,1
psr-small,p43-s83-n3-l4-f70.pddl,4,11,11,11
psr-small,p44-s89-n4-l2-f30.pddl,5,12,12,12
psr-small,p45-s94-n4-l3-f50.pddl,4,9,9,9
psr-small,p46-s97-n5-l2-f30.pddl,3,14,14,1
psr-small,p47-s98-n5-l2-f50.pddl,4,11,11,11
psr-small,p48-s101-n5-l3-f30.pddl,5,17,17,17
psr-small,p49-s105-n6-l2-f30.pddl,7,22,22,22
psr-small,p50-s107-n6-l2-f70.pddl,6,11,11,11
rovers,p01.pddl,5,8,7,3
rovers,p02.pddl,5,8,7,3
rovers,p03.pddl,6,11,10,3
rovers,p04.pddl,6,8,8,3
rovers,p05.pddl,11,21,20,7
rovers,p06.pddl,14,32,30,10
rovers,p07.pddl,10,16,15,6
rovers,p08.pddl,12,24,22,8
rovers,p09.pddl,14,27,26,8
rovers,p10.pddl,16,29,26,11
rovers,p11.pddl,12,26,23,9
rovers,p12.pddl,9,18,18,6
rovers,p13.pddl,15,37,31,12
rovers,p14.pddl,12,24,22,8
rovers,p15.pddl,16,36,34,10
rovers,p16.pddl,17,33,30,11
rovers,p17.pddl,19,43,41,13
rovers,p18.pddl,19,34,31,11
rovers,p19.pddl,22,55,52,17
rovers,p20.pddl,26,64,60,20
rovers,p21.pddl,18,47,43,14
rovers,p22.pddl,21,50,49,16
rovers,p23.pddl,24,53,50,19
rovers,p24.pddl,31,69,64,21
rovers,p25.pddl,13,23,22,10
rovers,p26.pddl,19,40,38,14
rovers,p27.pddl,30,65,61,20
rovers,p28.pddl,23,53,49,19
rovers,p29.pddl,21,42,41,16
rovers,p30.pddl,31,70,64,25
rovers,p31.pddl,33,82,79,24
rovers,p32.pddl,44,101,99,35
rovers,p33.pddl,55,145,142,44
rovers,p34.pddl,40,90,84,32
rovers,p35.pddl,78,,222,63
rovers,p36.pddl,49,127,122,41
rovers,p37.pddl,73,,186,58
rovers,p38.pddl,66,157,154,55
rovers,p39.pddl,75,,224,63
rovers,p40.pddl,84,,208,69
satellite,p01-pfile1.pddl,8,8,8,3
satellite,p02-pfile2.pddl,12,12,12,5
satellite,p03-pfile3.pddl,10,10,10,5
satellite,p04-pfile4.pddl,16,17,17,8
satellite,p05-pfile5.pddl,12,14,14,7
satellite,p06-pfile6.pddl,17,18,16,7
satellite,p07-pfile7.pddl,19,20,17,9
satellite,p08-pfile8.pddl,22,23,20,10
satellite,p09-pfile9.pddl,24,26,24,13
satellite,p10-pfile10.pddl,27,29,26,12
satellite,p11-pfile11.pddl,30,31,31,14
satellite,p12-pfile12.pddl,38,42,40,19
satellite,p13-pfile13.pddl,49,54,50,27
satellite,p14-pfile14.pddl,37,39,34,19
satellite,p15-pfile15.pddl,42,43,39,23
satellite,p16-pfile16.pddl,41,44,41,23
satellite,p17-pfile17.pddl,38,41,38,20
satellite,p18-pfile18.pddl,28,31,30,13
satellite,p19-pfile19.pddl,48,57,53,28
satellite,p20-pfile20.pddl,73,76,69,40
satellite,p21-HC-pfile1.pddl,57,71,69,37
satellite,p22-HC-pfile2.pddl,65,89,88,45
satellite,p23-HC-pfile3.pddl,72,97,96,51
satellite,p24-HC-pfile4.pddl,99,,131,70
satellite,p25-HC-pfile5.pddl,89,,118,64
satellite,p26-HC-pfile6.pddl,101,,126,68
satellite,p27-HC-pfile7.pddl,111,134,130,65
satellite,p28-HC-pfile8.pddl,137,,181,94
satellite,p29-HC-pfile9.pddl,140,,177,93
satellite,p30-HC-pfile10.pddl,174,,,
satellite,p31-HC-pfile11.pddl,195,,,
satellite,p32-HC-pfile12.pddl,,,,
satellite,p33-HC-pfile13.pddl,,,,
satellite,p34-HC-pfile14.pddl,267,,,
satellite,p35-HC-pfile15.pddl,284,,,
satellite,p36-HC-pfile16.pddl,,,,
scanalyzer-08-strips,p01.pddl,18,18,18,18
scanalyzer-08-strips,p02.pddl,18,20,20,18
scanalyzer-08-strips,p03.pddl,18,19,19,18
scanalyzer-08-strips,p04.pddl,24,24,24,24
scanalyzer-08-strips,p05.pddl,24,26,26,24
scanalyzer-08-strips,p06.pddl,24,25,25,24
scanalyzer-08-strips,p07.pddl,30,30,30,30
scanalyzer-08-strips,p08.pddl,30,32,32,30
scanalyzer-08-strips,p09.pddl,30,31,31,30
scanalyzer-08-strips,p10.pddl,36,36,36,36
scanalyzer-08-strips,p11.pddl,36,38,38,36
scanalyzer-08-strips,p12.pddl,36,37,37,36
scanalyzer-08-strips,p13.pddl,42,42,42,42
scanalyzer-08-strips,p14.pddl,42,44,44,42
scanalyzer-08-strips,p15.pddl,42,43,43,42
scanalyzer-08-strips,p16.pddl,48,,48,48
scanalyzer-08-strips,p17.pddl,48,50,50,48
scanalyzer-08-strips,p18.pddl,48,49,49,48
scanalyzer-08-strips,p19.pddl,54,,54,54
scanalyzer-08-strips,p20.pddl,54,56,56,54
scanalyzer-08-strips,p21.pddl,54,55,55,54
scanalyzer-08-strips,p22.pddl,12,12,12,12
scanalyzer-08-strips,p23.pddl,12,12,12,12
scanalyzer-08-strips,p24.pddl,12,12,12,12
scanalyzer-08-strips,p25.pddl,,,24,24
scanalyzer-08-strips,p26.pddl,,,26,25
scanalyzer-08-strips,p27.pddl,25,,26,25
scanalyzer-08-strips,p28.pddl,,,,
scanalyzer-08-strips,p29.pddl,,,39,38
scanalyzer-08-strips,p30.pddl,,,39,38
scanalyzer-opt11-strips,p01.pddl,12,12,12,12
scanalyzer-opt11-strips,p02.pddl,18,20,20,18
scanalyzer-opt11-strips,p03.pddl,18,19,19,18
scanalyzer-opt11-strips,p04.pddl,24,24,24,24
scanalyzer-opt11-strips,p05.pddl,30,30,30,30
scanalyzer-opt11-strips,p06.pddl,24,26,26,24
scanalyzer-opt11-strips,p07.pddl,54,,54,54
scanalyzer-opt11-strips,p08.pddl,36,36,36,36
scanalyzer-opt11-strips,p09.pddl,42,,42,42
scanalyzer-opt11-strips,p10.pddl,48,,48,48
scanalyzer-opt11-strips,p11.pddl,,,24,24
scanalyzer-opt11-strips,p12.pddl,24,25,25,24
scanalyzer-opt11-strips,p13.pddl,25,26,26,25
scanalyzer-opt11-strips,p14.pddl,,26,26,25
scanalyzer-opt11-strips,p15.pddl,30,32,32,30
scanalyzer-opt11-strips,p16.pddl,36,38,38,36
scanalyzer-opt11-strips,p17.pddl,42,44,44,42
scanalyzer-opt11-strips,p18.pddl,48,50,50,48
scanalyzer-opt11-strips,p19.pddl,54,56,56,54
scanalyzer-opt11-strips,p20.pddl,,,,
sokoban-opt08-strips,p01.pddl,4,11,11,4
sokoban-opt08-strips,p02.pddl,3,9,9,4
sokoban-opt08-strips,p03.pddl,1,4,4,2
sokoban-opt08-strips,p04.pddl,3,26,26,3
sokoban-opt08-strips,p05.pddl,8,8,8,8
sokoban-opt08-strips,p06.pddl,1,2,2,1
sokoban-opt08-strips,p07.pddl,5,7,7,5
sokoban-opt08-strips,p08.pddl,5,16,16,8
sokoban-opt08-strips,p09.pddl,3,4,4,4
sokoban-opt08-strips,p10.pddl,4,12,12,4
sokoban-opt08-strips,p11.pddl,5,16,16,6
sokoban-opt08-strips,p12.pddl,4,9,9,4
sokoban-opt08-strips,p13.pddl,4,4,4,4
sokoban-opt08-strips,p14.pddl,3,12,12,3
sokoban-opt08-strips,p15.pddl,4,58,58,4
sokoban-opt08-strips,p16.pddl,6,20,20,6
sokoban-opt08-strips,p17.pddl,4,7,7,5
sokoban-opt08-strips,p18.pddl,7,32,32,8
sokoban-opt08-strips,p19.pddl,6,29,29,8
sokoban-opt08-strips,p20.pddl,2,2,2,2
sokoban-opt08-strips,p21.pddl,1,2,2,1
sokoban-opt08-strips,p22.pddl,4,33,33,4
sokoban-opt08-strips,p23.pddl,5,16,16,5
sokoban-opt08-strips,p24.pddl,5,19,19,5
sokoban-opt08-strips,p25.pddl,8,28,28,10
sokoban-opt08-strips,p26.pddl,5,28,28,5
sokoban-opt08-strips,p27.pddl,7,13,13,7
sokoban-opt08-strips,p28.pddl,5,19,19,5
sokoban-opt08-strips,p29.pddl,12,14,14,12
sokoban-opt08-strips,p30.pddl,12,12,12,12
sokoban-opt11-strips,p01.pddl,1,2,2,1
sokoban-opt11-strips,p02.pddl,4,7,7,5
sokoban-opt11-strips,p03.pddl,3,12,12,3
sokoban-opt11-strips,p04.pddl,3,26,26,3
sokoban-opt11-strips,p05.pddl,6,20,20,6
sokoban-opt11-strips,p06.pddl,5,16,16,6
sokoban-opt11-strips,p07.pddl,4,12,12,4
sokoban-opt11-strips,p08.pddl,3,4,4,4
sokoban-opt11-strips,p09.pddl,5,7,7,5
sokoban-opt11-strips,p10.pddl,8,8,8,8
sokoban-opt11-strips,p11.pddl,4,4,4,4
sokoban-opt11-strips,p12.pddl,2,2,2,2
sokoban-opt11-strips,p13.pddl,5,16,16,8
sokoban-opt11-strips,p14.pddl,4,9,9,4
sokoban-opt11-strips,p15.pddl,7,32,32,8
sokoban-opt11-strips,p16.pddl,4,58,58,4
sokoban-opt11-strips,p17.pddl,6,29,29,8
sokoban-opt11-strips,p18.pddl,1,2,2,1
sokoban-opt11-strips,p19.pddl,4,33,33,4
sokoban-opt11-strips,p20.pddl,5,16,16,5
tidybot-opt11-strips,p01.pddl,4,4,4,4
tidybot-opt11-strips,p02.pddl,8,20,19,4
tidybot-opt11-strips,p03.pddl,7,13,12,4
tidybot-opt11-strips,p04.pddl,8,25,25,4
tidybot-opt11-strips,p05.pddl,8,25,24,4
tidybot-opt11-strips,p06.pddl,9,27,27,4
tidybot-opt11-strips,p07.pddl,7,14,13,4
tidybot-opt11-strips,p08.pddl,8,20,19,4
tidybot-opt11-strips,p09.pddl,7,18,17,4
tidybot-opt11-strips,p10.pddl,9,23,22,4
tidybot-opt11-strips,p11.pddl,8,,15,4
tidybot-opt11-strips,p12.pddl,9,23,21,4
tidybot-opt11-strips,p13.pddl,8,17,16,4
tidybot-opt11-strips,p14.pddl,8,17,17,4
tidybot-opt11-strips,p15.pddl,7,,18,4
tidybot-opt11-strips,p16.pddl,9,,22,4
tidybot-opt11-strips,p17.pddl,8,,21,4
tidybot-opt11-strips,p18.pddl,9,,18,4
tidybot-opt11-strips,p19.pddl,8,,21,4
tidybot-opt11-strips,p20.pddl,9,,26,4
tpp,p01.pddl,4,4,4,3
tpp,p02.pddl,7,7,7,6
tpp,p03.pddl,10,10,10,9
tpp,p04.pddl,13,13,13,12
tpp,p05.pddl,15,17,17,15
tpp,p06.pddl,11,23,23,21
tpp,p07.pddl,13,32,32,30
tpp,p08.pddl,14,38,38,36
tpp,p09.pddl,16,45,45,42
tpp,p10.pddl,17,51,51,48
tpp,p11.pddl,8,48,48,45
tpp,p12.pddl,9,48,48,45
tpp,p13.pddl,10,41,40,39
tpp,p14.pddl,11,59,58,57
tpp,p15.pddl,12,71,70,69
tpp,p16.pddl,13,86,85,84
tpp,p17.pddl,14,72,72,69
tpp,p18.pddl,15,69,69,66
tpp,p19.pddl,16,96,96,93
tpp,p20.pddl,17,111,111,108
tpp,p21.pddl,12,110,110,108
tpp,p22.pddl,13,84,83,81
tpp,p23.pddl,14,107,107,105
tpp,p24.pddl,15,,106,105
tpp,p25.pddl,16,130,130,129
tpp,p26.pddl,17,,133,132
tpp,p27.pddl,18,,145,144
tpp,p28.pddl,19,,151,150
tpp,p29.pddl,20,,184,183
tpp,p30.pddl,21,,176,174
transport-opt08-strips,p01.pddl,15,54,54,4
transport-opt08-strips,p02.pddl,9,119,118,6
transport-opt08-strips,p03.pddl,24,154,150,8
transport-opt08-strips,p04.pddl,32,201,201,10
transport-opt08-strips,p05.pddl,44,201,199,12
transport-opt08-strips,p06.pddl,37,181,178,14
transport-opt08-strips,p07.pddl,59,231,228,16
transport-opt08-strips,p08.pddl,42,,171,18
transport-opt08-strips,p09.pddl,38,,157,20
transport-opt08-strips,p10.pddl,55,,232,22
transport-opt08-strips,p11.pddl,10,245,245,4
transport-opt08-strips,p12.pddl,18,330,330,6
transport-opt08-strips,p13.pddl,19,320,320,8
transport-opt08-strips,p14.pddl,35,375,374,10
transport-opt08-strips,p15.pddl,26,343,341,12
transport-opt08-strips,p16.pddl,31,440,438,14
transport-opt08-strips,p17.pddl,56,476,468,16
transport-opt08-strips,p18.pddl,39,453,453,18
transport-opt08-strips,p19.pddl,43,424,417,20
transport-opt08-strips,p20.pddl,76,,528,22
transport-opt08-strips,p21.pddl,42,320,320,4
transport-opt08-strips,p22.pddl,27,346,346,6
transport-opt08-strips,p23.pddl,26,457,456,8
transport-opt08-strips,p24.pddl,27,462,462,10
transport-opt08-strips,p25.pddl,54,450,448,12
transport-opt08-strips,p26.pddl,39,351,345,14
transport-opt08-strips,p27.pddl,43,379,360,16
transport-opt08-strips,p28.pddl,59,446,444,18
transport-opt08-strips,p29.pddl,73,,466,20
transport-opt08-strips,p30.pddl,71,,499,22
transport-opt11-strips,p01.pddl,26,457,456,8
transport-opt11-strips,p02.pddl,24,154,150,8
transport-opt11-strips,p03.pddl,18,330,330,6
transport-opt11-strips,p04.pddl,19,320,320,8
transport-opt11-strips,p05.pddl,27,462,462,10
transport-opt11-strips,p06.pddl,32,201,201,10
transport-opt11-strips,p07.pddl,28,163,162,12
transport-opt11-strips,p08.pddl,29,170,167,12
transport-opt11-strips,p09.pddl,31,147,146,14
transport-opt11-strips,p10.pddl,40,229,228,14
transport-opt11-strips,p11.pddl,33,364,363,16
transport-opt11-strips,p12.pddl,28,373,372,16
transport-opt11-strips,p13.pddl,38,246,246,16
transport-opt11-strips,p14.pddl,48,203,200,16
transport-opt11-strips,p15.pddl,53,480,479,18
transport-opt11-strips,p16.pddl,49,438,434,18
transport-opt11-strips,p17.pddl,44,201,199,12
transport-opt11-strips,p18.pddl,35,375,374,10
transport-opt11-strips,p19.pddl,54,450,448,12
transport-opt11-strips,p20.pddl,37,181,178,14
trucks-strips,p01.pddl,6,10,10,9
trucks-strips,p02.pddl,8,13,13,12
trucks-strips,p03.pddl,7,16,16,15
trucks-strips,p04.pddl,8,19,19,18
trucks-strips,p05.pddl,9,22,22,21
trucks-strips,p06.pddl,10,25,25,24
trucks-strips,p07.pddl,10,19,19,18
trucks-strips,p08.pddl,11,22,22,21
trucks-strips,p09.pddl,13,25,25,24
trucks-strips,p10.pddl,13,28,28,27
trucks-strips,p11.pddl,14,31,31,30
trucks-strips,p12.pddl,16,34,34,33
trucks-strips,p13.pddl,14,28,28,27
trucks-strips,p14.pddl,14,31,31,30
trucks-strips,p15.pddl,15,34,34,33
trucks-strips,p16.pddl,16,37,37,36
trucks-strips,p17.pddl,18,40,40,39
trucks-strips,p18.pddl,19,43,42,42
trucks-strips,p19.pddl,16,37,36,36
trucks-strips,p20.pddl,18,40,40,39
trucks-strips,p21.pddl,18,43,43,42
trucks-strips,p22.pddl,20,46,46,45
trucks-strips,p23.pddl,21,49,49,48
trucks-strips,p24.pddl,22,52,52,51
trucks-strips,p25.pddl,20,46,45,45
trucks-strips,p26.pddl,21,49,48,48
trucks-strips,p27.pddl,22,52,52,51
trucks-strips,p28.pddl,22,55,55,54
trucks-strips,p29.pddl,24,58,58,57
trucks-strips,p30.pddl,26,61,61,60
visitall-opt11-strips,problem02-full.pddl,3,3,3,3
visitall-opt11-strips,problem02-half.pddl,1,1,1,1
visitall-opt11-strips,problem03-full.pddl,8,8,8,8
visitall-opt11-strips,problem03-half.pddl,5,6,6,6
visitall-opt11-strips,problem04-full.pddl,15,15,15,15
visitall-opt11-strips,problem04-half.pddl,9,11,11,10
visitall-opt11-strips,problem05-full.pddl,24,24,24,24
visitall-opt11-strips,problem05-half.pddl,14,17,17,17
visitall-opt11-strips,problem06-full.pddl,35,35,35,35
visitall-opt11-strips,problem06-half.pddl,17,22,22,17
visitall-opt11-strips,problem07-full.pddl,48,48,48,48
visitall-opt11-strips,problem07-half.pddl,32,35,35,34
visitall-opt11-strips,problem08-full.pddl,63,63,63,63
visitall-opt11-strips,problem08-half.pddl,35,41,41,39
visitall-opt11-strips,problem09-full.pddl,80,80,80,80
visitall-opt11-strips,problem09-half.pddl,50,59,59,58
visitall-opt11-strips,problem10-full.pddl,99,99,99,99
visitall-opt11-strips,problem10-half.pddl,51,62,62,57
visitall-opt11-strips,problem11-full.pddl,120,120,120,120
visitall-opt11-strips,problem11-half.pddl,61,67,67,65
woodworking-opt08-strips,p01.pddl,148,170,160,130
woodworking-opt08-strips,p02.pddl,158,185,185,155
woodworking-opt08-strips,p03.pddl,215,269,265,235
woodworking-opt08-strips,p04.pddl,185,232,215,185
woodworking-opt08-strips,p05.pddl,205,237,230,200
woodworking-opt08-strips,p06.pddl,324,430,430,355
woodworking-opt08-strips,p07.pddl,321,353,350,325
woodworking-opt08-strips,p08.pddl,359,397,390,350
woodworking-opt08-strips,p09.pddl,321,430,425,390
woodworking-opt08-strips,p10.pddl,419,441,420,390
woodworking-opt08-strips,p11.pddl,125,130,120,90
woodworking-opt08-strips,p12.pddl,200,208,205,175
woodworking-opt08-strips,p13.pddl,154,177,165,135
woodworking-opt08-strips,p14.pddl,148,179,170,150
woodworking-opt08-strips,p15.pddl,234,270,270,235
woodworking-opt08-strips,p16.pddl,216,275,270,230
woodworking-opt08-strips,p17.pddl,243,254,250,220
woodworking-opt08-strips,p18.pddl,341,392,385,365
woodworking-opt08-strips,p19.pddl,331,352,345,315
woodworking-opt08-strips,p20.pddl,388,421,385,345
woodworking-opt08-strips,p21.pddl,80,95,95,65
woodworking-opt08-strips,p22.pddl,130,145,145,90
woodworking-opt08-strips,p23.pddl,174,175,175,145
woodworking-opt08-strips,p24.pddl,192,232,225,195
woodworking-opt08-strips,p25.pddl,272,371,370,310
woodworking-opt08-strips,p26.pddl,190,202,190,160
woodworking-opt08-strips,p27.pddl,255,306,300,280
woodworking-opt08-strips,p28.pddl,375,471,465,445
woodworking-opt08-strips,p29.pddl,418,509,505,475
woodworking-opt08-strips,p30.pddl,511,619,610,580
woodworking-opt11-strips,p01.pddl,174,175,175,145
woodworking-opt11-strips,p02.pddl,200,208,205,175
woodworking-opt11-strips,p03.pddl,154,177,165,135
woodworking-opt11-strips,p04.pddl,215,269,265,235
woodworking-opt11-strips,p05.pddl,192,232,225,195
woodworking-opt11-strips,p06.pddl,185,232,215,185
woodworking-opt11-strips,p07.pddl,148,179,170,150
woodworking-opt11-strips,p08.pddl,272,371,370,310
woodworking-opt11-strips,p09.pddl,205,237,230,200
woodworking-opt11-strips,p10.pddl,234,270,270,235
woodworking-opt11-strips,p11.pddl,190,202,190,160
woodworking-opt11-strips,p12.pddl,216,275,270,230
woodworking-opt11-strips,p13.pddl,324,430,430,355
woodworking-opt11-strips,p14.pddl,255,306,300,280
woodworking-opt11-strips,p15.pddl,243,254,250,220
woodworking-opt11-strips,p16.pddl,321,353,350,325
woodworking-opt11-strips,p17.pddl,375,471,465,445
woodworking-opt11-strips,p18.pddl,341,392,385,365
woodworking-opt11-strips,p19.pddl,359,397,390,350
woodworking-opt11-strips,p20.pddl,418,509,505,475
zenotravel,pfile1,1,1,1,1
zenotravel,pfile10,19,21,19,17
zenotravel,pfile11,11,12,12,9
zenotravel,pfile12,17,19,18,14
zenotravel,pfile13,22,23,22,18
zenotravel,pfile14,25,28,26,21
zenotravel,pfile15,29,34,30,24
zenotravel,pfile16,33,39,37,28
zenotravel,pfile17,49,53,47,40
zenotravel,pfile18,46,54,49,37
zenotravel,pfile19,55,,60,46
zenotravel,pfile2,4,4,4,3
zenotravel,pfile20,63,,67,50
zenotravel,pfile3,5,5,5,4
zenotravel,pfile4,6,6,6,5
zenotravel,pfile5,10,11,11,8
zenotravel,pfile6,10,11,11,8
zenotravel,pfile7,10,12,12,8
zenotravel,pfile8,9,10,10,7
zenotravel,pfile9,17,18,18,14
