Domain,Instance,DR,DR+TR+NC+LM,NC+LM,NC,LM
airport,p01-airport1-p1.pddl,3,8,8,1,8
airport,p02-airport1-p1.pddl,9,9,9,9,9
airport,p03-airport1-p2.pddl,13,17,,,
airport,p04-airport2-p1.pddl,3,20,20,1,20
airport,p05-airport2-p1.pddl,19,21,21,21,21
airport,p06-airport2-p2.pddl,23,41,41,22,41
airport,p07-airport2-p2.pddl,23,41,41,22,41
airport,p08-airport2-p3.pddl,41,62,62,43,62
airport,p09-airport2-p4.pddl,43,71,71,44,71
airport,p10-airport3-p1.pddl,3,18,18,1,18
airport,p11-airport3-p1.pddl,19,21,21,21,21
airport,p12-airport3-p2.pddl,23,39,39,22,39
airport,p13-airport3-p2.pddl,23,37,37,20,37
airport,p14-airport3-p3.pddl,41,60,60,43,60
airport,p15-airport3-p3.pddl,41,58,58,41,58
airport,p16-airport3-p4.pddl,59,79,79,62,79
airport,p17-airport3-p5.pddl,61,88,88,63,88
airport,p18-airport3-p6.pddl,79,107,107,82,107
airport,p19-airport3-p6.pddl,63,90,90,62,90
airport,p20-airport3-p7.pddl,82,115,115,83,115
airport,p21-airport4halfMUC-p2.pddl,26,101,101,54,101
airport,p22-airport4halfMUC-p3.pddl,29,148,148,55,148
airport,p23-airport4halfMUC-p4.pddl,31,168,168,42,168
airport,p24-airport4halfMUC-p4.pddl,72,162,162,114,162
airport,p25-airport4halfMUC-p5.pddl,76,212,212,119,212
airport,p26-airport4halfMUC-p6.pddl,78,220,220,94,220
airport,p27-airport4halfMUC-p6.pddl,118,246,246,198,246
airport,p28-airport4halfMUC-p7.pddl,122,294,294,201,294
airport,p29-airport4halfMUC-p8.pddl,124,308,308,182,308
airport,p30-airport4halfMUC-p8.pddl,164,310,310,262,310
airport,p31-airport4halfMUC-p9.pddl,168,358,358,265,358
airport,p32-airport4halfMUC-p10.pddl,170,390,390,264,390
airport,p33-airport4halfMUC-p10.pddl,191,393,393,300,393
airport,p34-airport4halfMUC-p11.pddl,193,427,427,301,427
airport,p35-airport4halfMUC-p12.pddl,196,433,433,302,433
airport,p36-airport5MUC-p2.pddl,,,109,61,109
airport,p37-airport5MUC-p3.pddl,,,141,141,141
airport,p38-airport5MUC-p3.pddl,,,154,107,154
airport,p39-airport5MUC-p4.pddl,,,208,208,208
airport,p40-airport5MUC-p4.pddl,,,190,142,190
airport,p41-airport5MUC-p4.pddl,,,178,108,178
airport,p42-airport5MUC-p5.pddl,,,257,209,257
airport,p43-airport5MUC-p5.pddl,,,223,153,223
airport,p44-airport5MUC-p5.pddl,,,227,106,227
airport,p45-airport5MUC-p6.pddl,,,249,107,249
airport,p46-airport5MUC-p6.pddl,,,290,220,290
airport,p47-airport5MUC-p8.pddl,,,355,213,355
airport,p48-airport5MUC-p9.pddl,,,423,351,423
airport,p49-airport5MUC-p10.pddl,,,451,307,451
airport,p50-airport5MUC-p15.pddl,,,685,540,685
barman-opt11-strips,pfile01-001.pddl,5,41,40,36,28
barman-opt11-strips,pfile01-002.pddl,5,41,41,36,37
barman-opt11-strips,pfile01-003.pddl,5,72,72,36,39
barman-opt11-strips,pfile01-004.pddl,5,41,41,36,37
barman-opt11-strips,pfile02-005.pddl,6,53,53,48,38
barman-opt11-strips,pfile02-006.pddl,6,51,50,48,18
barman-opt11-strips,pfile02-007.pddl,6,98,98,48,41
barman-opt11-strips,pfile02-008.pddl,6,53,53,48,38
barman-opt11-strips,pfile03-009.pddl,8,66,65,60,39
barman-opt11-strips,pfile03-010.pddl,8,65,64,60,30
barman-opt11-strips,pfile03-011.pddl,8,66,65,60,39
barman-opt11-strips,pfile03-012.pddl,8,65,64,60,30
barman-opt11-strips,pfile04-013.pddl,10,87,85,82,31
barman-opt11-strips,pfile04-014.pddl,10,90,88,84,32
barman-opt11-strips,pfile04-015.pddl,10,150,150,82,36
barman-opt11-strips,pfile04-016.pddl,10,87,85,82,31
barman-opt11-strips,pfile05-017.pddl,11,103,100,96,33
barman-opt11-strips,pfile05-018.pddl,11,103,100,96,33
barman-opt11-strips,pfile05-019.pddl,11,103,100,96,33
barman-opt11-strips,pfile05-020.pddl,11,103,100,96,33
blocks,probBLOCKS-10-0.pddl,18,18,18,18,18
blocks,probBLOCKS-10-1.pddl,18,20,20,20,19
blocks,probBLOCKS-10-2.pddl,18,20,20,20,19
blocks,probBLOCKS-11-0.pddl,16,22,22,18,19
blocks,probBLOCKS-11-1.pddl,20,22,22,22,20
blocks,probBLOCKS-11-2.pddl,16,22,22,18,19
blocks,probBLOCKS-12-0.pddl,20,24,24,22,22
blocks,probBLOCKS-12-1.pddl,22,22,22,22,22
blocks,probBLOCKS-13-0.pddl,24,24,24,24,24
blocks,probBLOCKS-13-1.pddl,24,26,26,26,25
blocks,probBLOCKS-14-0.pddl,22,28,28,24,25
blocks,probBLOCKS-14-1.pddl,26,28,28,28,27
blocks,probBLOCKS-15-0.pddl,26,30,30,26,28
blocks,probBLOCKS-15-1.pddl,26,30,30,26,28
blocks,probBLOCKS-16-1.pddl,30,32,32,32,31
blocks,probBLOCKS-16-2.pddl,26,30,30,26,28
blocks,probBLOCKS-17-0.pddl,32,34,34,34,33
blocks,probBLOCKS-4-0.pddl,6,6,6,6,6
blocks,probBLOCKS-4-1.pddl,5,8,8,6,6
blocks,probBLOCKS-4-2.pddl,6,6,6,6,6
blocks,probBLOCKS-5-0.pddl,7,10,10,8,8
blocks,probBLOCKS-5-1.pddl,6,8,8,6,7
blocks,probBLOCKS-5-2.pddl,8,10,10,10,9
blocks,probBLOCKS-6-0.pddl,10,12,12,12,11
blocks,probBLOCKS-6-1.pddl,10,10,10,10,10
blocks,probBLOCKS-6-2.pddl,10,12,12,12,11
blocks,probBLOCKS-7-0.pddl,12,14,14,14,13
blocks,probBLOCKS-7-1.pddl,10,14,14,12,12
blocks,probBLOCKS-7-2.pddl,10,14,14,10,12
blocks,probBLOCKS-8-0.pddl,12,14,14,12,13
blocks,probBLOCKS-8-1.pddl,10,16,16,10,13
blocks,probBLOCKS-8-2.pddl,14,14,14,14,14
blocks,probBLOCKS-9-0.pddl,14,18,18,16,16
blocks,probBLOCKS-9-1.pddl,14,18,18,16,16
blocks,probBLOCKS-9-2.pddl,16,18,18,18,17
depot,pfile1,4,9,9,4,9
depot,pfile10,9,15,15,10,14
depot,pfile11,20,28,26,20,24
depot,pfile12,23,33,32,24,30
depot,pfile13,12,21,20,12,19
depot,pfile14,9,16,15,10,15
depot,pfile15,28,33,33,28,27
depot,pfile16,10,18,18,11,18
depot,pfile17,12,17,17,12,16
depot,pfile18,26,33,33,28,29
depot,pfile19,15,22,21,15,18
depot,pfile2,6,11,11,6,11
depot,pfile20,26,33,33,27,29
depot,pfile21,14,26,26,14,23
depot,pfile22,35,,43,35,35
depot,pfile3,12,17,17,12,16
depot,pfile4,13,15,15,13,15
depot,pfile5,18,26,26,18,25
depot,pfile6,22,32,31,26,27
depot,pfile7,10,15,15,10,15
depot,pfile8,15,22,22,16,21
depot,pfile9,27,36,35,28,28
driverlog,pfile1,4,7,7,3,6
driverlog,pfile10,15,16,14,12,14
driverlog,pfile11,15,19,16,11,16
driverlog,pfile12,18,24,23,17,21
driverlog,pfile13,17,20,18,15,18
driverlog,pfile14,20,25,23,18,23
driverlog,pfile15,26,30,25,19,24
driverlog,pfile16,38,47,39,36,37
driverlog,pfile17,44,54,48,43,45
driverlog,pfile18,49,58,48,45,47
driverlog,pfile19,64,78,66,60,64
driverlog,pfile2,13,15,14,12,12
driverlog,pfile20,69,,62,60,61
driverlog,pfile3,9,11,11,8,10
driverlog,pfile4,12,12,12,11,10
driverlog,pfile5,13,15,15,12,15
driverlog,pfile6,9,10,10,8,10
driverlog,pfile7,12,12,12,11,12
driverlog,pfile8,14,15,14,12,13
driverlog,pfile9,14,18,17,12,15
elevators-opt08-strips,p01.pddl,7,25,25,0,25
elevators-opt08-strips,p02.pddl,6,20,20,0,20
elevators-opt08-strips,p03.pddl,4,26,26,0,26
elevators-opt08-strips,p04.pddl,9,26,26,0,26
elevators-opt08-strips,p05.pddl,9,37,37,0,37
elevators-opt08-strips,p06.pddl,10,25,25,0,25
elevators-opt08-strips,p07.pddl,6,28,28,0,28
elevators-opt08-strips,p08.pddl,7,26,26,0,26
elevators-opt08-strips,p09.pddl,14,38,38,0,38
elevators-opt08-strips,p10.pddl,9,27,26,0,25
elevators-opt08-strips,p11.pddl,11,40,40,0,39
elevators-opt08-strips,p12.pddl,4,30,30,0,30
elevators-opt08-strips,p13.pddl,13,39,39,0,38
elevators-opt08-strips,p14.pddl,6,42,42,0,41
elevators-opt08-strips,p15.pddl,10,35,35,0,35
elevators-opt08-strips,p16.pddl,9,36,36,0,36
elevators-opt08-strips,p17.pddl,14,49,49,0,48
elevators-opt08-strips,p18.pddl,13,44,44,0,44
elevators-opt08-strips,p19.pddl,9,47,47,0,47
elevators-opt08-strips,p20.pddl,16,48,47,0,45
elevators-opt08-strips,p21.pddl,8,32,32,0,32
elevators-opt08-strips,p22.pddl,3,29,29,0,27
elevators-opt08-strips,p23.pddl,9,33,33,0,32
elevators-opt08-strips,p24.pddl,6,38,38,0,37
elevators-opt08-strips,p25.pddl,11,38,38,0,37
elevators-opt08-strips,p26.pddl,6,33,33,0,33
elevators-opt08-strips,p27.pddl,15,43,40,0,39
elevators-opt08-strips,p28.pddl,10,34,34,0,33
elevators-opt08-strips,p29.pddl,12,38,38,0,37
elevators-opt08-strips,p30.pddl,14,45,45,0,43
elevators-opt11-strips,p01.pddl,11,40,40,0,39
elevators-opt11-strips,p02.pddl,8,32,32,0,32
elevators-opt11-strips,p03.pddl,4,30,30,0,30
elevators-opt11-strips,p04.pddl,4,26,26,0,26
elevators-opt11-strips,p05.pddl,13,39,39,0,38
elevators-opt11-strips,p06.pddl,9,26,26,0,26
elevators-opt11-strips,p07.pddl,6,33,33,0,33
elevators-opt11-strips,p08.pddl,9,37,37,0,37
elevators-opt11-strips,p09.pddl,3,29,29,0,27
elevators-opt11-strips,p10.pddl,6,42,42,0,41
elevators-opt11-strips,p11.pddl,10,34,34,0,33
elevators-opt11-strips,p12.pddl,10,25,25,0,25
elevators-opt11-strips,p13.pddl,6,28,28,0,28
elevators-opt11-strips,p14.pddl,7,26,26,0,26
elevators-opt11-strips,p15.pddl,14,38,38,0,38
elevators-opt11-strips,p16.pddl,10,35,35,0,35
elevators-opt11-strips,p17.pddl,14,49,49,0,48
elevators-opt11-strips,p18.pddl,13,44,44,0,44
elevators-opt11-strips,p19.pddl,9,33,33,0,32
elevators-opt11-strips,p20.pddl,6,38,38,0,37
floortile-opt11-strips,opt-p01-001.pddl,25,30,30,20,28
floortile-opt11-strips,opt-p01-002.pddl,25,29,28,23,24
floortile-opt11-strips,opt-p02-003.pddl,33,44,43,24,40
floortile-opt11-strips,opt-p02-004.pddl,32,37,36,27,33
floortile-opt11-strips,opt-p03-005.pddl,42,46,43,40,40
floortile-opt11-strips,opt-p03-006.pddl,42,47,46,38,42
floortile-opt11-strips,opt-p04-007.pddl,44,47,45,36,43
floortile-opt11-strips,opt-p04-008.pddl,44,51,50,33,48
floortile-opt11-strips,opt-p05-009.pddl,54,58,57,48,54
floortile-opt11-strips,opt-p05-010.pddl,56,58,58,45,56
floortile-opt11-strips,opt-p06-011.pddl,66,70,69,55,65
floortile-opt11-strips,opt-p06-012.pddl,67,69,66,54,65
floortile-opt11-strips,opt-p07-013.pddl,68,72,69,54,68
floortile-opt11-strips,opt-p07-014.pddl,68,70,68,54,66
floortile-opt11-strips,opt-p08-015.pddl,81,87,85,75,77
floortile-opt11-strips,opt-p08-016.pddl,81,87,83,68,78
floortile-opt11-strips,opt-p09-017.pddl,93,98,95,84,89
floortile-opt11-strips,opt-p09-018.pddl,92,101,98,85,91
floortile-opt11-strips,opt-p10-019.pddl,97,103,99,76,97
floortile-opt11-strips,opt-p10-020.pddl,99,102,98,79,95
freecell,pfile1,6,8,8,8,4
freecell,pfile10,5,37,37,36,13
freecell,pfile11,5,39,39,37,19
freecell,pfile12,5,37,37,36,15
freecell,pfile13,5,41,41,41,15
freecell,pfile14,5,40,40,40,14
freecell,pfile15,5,46,46,45,19
freecell,pfile16,5,46,46,45,14
freecell,pfile17,5,,49,48,16
freecell,pfile18,5,50,50,48,18
freecell,pfile19,5,55,55,52,23
freecell,pfile2,6,13,13,13,6
freecell,pfile20,5,52,52,52,20
freecell,pfile3,6,17,17,17,6
freecell,pfile4,6,22,,,
freecell,pfile5,5,25,25,25,13
freecell,pfile6,5,29,29,28,14
freecell,pfile7,5,28,28,28,16
freecell,pfile8,5,33,,,
freecell,pfile9,5,34,34,33,17
freecell,probfreecell-10-1.pddl,5,42,42,41,14
freecell,probfreecell-10-2.pddl,5,41,41,41,14
freecell,probfreecell-10-3.pddl,5,42,,,
freecell,probfreecell-10-4.pddl,5,40,40,40,15
freecell,probfreecell-10-5.pddl,5,41,41,40,16
freecell,probfreecell-11-1.pddl,5,46,46,45,15
freecell,probfreecell-11-2.pddl,5,45,45,45,15
freecell,probfreecell-11-3.pddl,5,46,46,46,15
freecell,probfreecell-11-4.pddl,5,46,46,46,16
freecell,probfreecell-11-5.pddl,5,45,45,44,17
freecell,probfreecell-12-1.pddl,5,50,50,49,16
freecell,probfreecell-12-2.pddl,5,49,49,49,16
freecell,probfreecell-12-3.pddl,5,51,51,51,18
freecell,probfreecell-12-4.pddl,5,50,50,50,17
freecell,probfreecell-12-5.pddl,5,50,50,48,24
freecell,probfreecell-13-1.pddl,5,54,54,53,18
freecell,probfreecell-13-2.pddl,5,53,53,53,17
freecell,probfreecell-13-3.pddl,5,55,55,55,18
freecell,probfreecell-13-4.pddl,5,,54,54,20
freecell,probfreecell-13-5.pddl,5,,54,52,23
freecell,probfreecell-2-1.pddl,5,9,,,
freecell,probfreecell-2-2.pddl,5,8,8,8,3
freecell,probfreecell-2-3.pddl,5,8,8,8,5
freecell,probfreecell-2-4.pddl,5,8,8,8,5
freecell,probfreecell-2-5.pddl,5,9,,,
freecell,probfreecell-3-1.pddl,5,14,14,14,6
freecell,probfreecell-3-2.pddl,5,12,12,12,5
freecell,probfreecell-3-3.pddl,5,12,,,
freecell,probfreecell-3-4.pddl,5,12,12,12,6
freecell,probfreecell-3-5.pddl,5,12,,,
freecell,probfreecell-4-1.pddl,5,18,18,17,7
freecell,probfreecell-4-2.pddl,5,16,16,16,6
freecell,probfreecell-4-3.pddl,5,17,17,17,7
freecell,probfreecell-4-4.pddl,5,16,16,16,6
freecell,probfreecell-4-5.pddl,5,16,16,16,6
freecell,probfreecell-5-1.pddl,5,22,22,21,8
freecell,probfreecell-5-2.pddl,5,20,20,20,7
freecell,probfreecell-5-3.pddl,5,22,22,22,8
freecell,probfreecell-5-4.pddl,5,20,20,20,8
freecell,probfreecell-5-5.pddl,5,20,,,
freecell,probfreecell-6-1.pddl,5,26,26,25,9
freecell,probfreecell-6-2.pddl,5,24,24,24,9
freecell,probfreecell-6-3.pddl,5,26,26,26,9
freecell,probfreecell-6-4.pddl,5,24,24,24,8
freecell,probfreecell-6-5.pddl,5,24,24,24,10
freecell,probfreecell-7-1.pddl,5,30,30,29,10
freecell,probfreecell-7-2.pddl,5,29,29,29,10
freecell,probfreecell-7-3.pddl,5,30,30,30,10
freecell,probfreecell-7-4.pddl,5,28,28,28,11
freecell,probfreecell-7-5.pddl,5,28,28,28,11
freecell,probfreecell-8-1.pddl,5,34,34,33,12
freecell,probfreecell-8-2.pddl,5,33,33,33,11
freecell,probfreecell-8-3.pddl,5,34,34,34,11
freecell,probfreecell-8-4.pddl,5,32,32,32,12
freecell,probfreecell-8-5.pddl,5,33,33,32,12
freecell,probfreecell-9-1.pddl,5,38,38,37,13
freecell,probfreecell-9-2.pddl,5,37,37,37,12
freecell,probfreecell-9-3.pddl,5,38,,,
freecell,probfreecell-9-4.pddl,5,36,36,36,13
freecell,probfreecell-9-5.pddl,5,37,37,36,14
grid,prob01.pddl,3,10,10,2,10
grid,prob02.pddl,5,17,16,4,16
grid,prob03.pddl,10,19,17,10,14
grid,prob04.pddl,7,15,13,6,13
grid,prob05.pddl,14,,38,14,33
gripper,prob01.pddl,9,9,9,8,9
gripper,prob02.pddl,13,13,13,12,13
gripper,prob03.pddl,17,17,17,16,17
gripper,prob04.pddl,21,21,21,20,21
gripper,prob05.pddl,25,25,25,24,25
gripper,prob06.pddl,29,29,29,28,29
gripper,prob07.pddl,33,33,33,32,33
gripper,prob08.pddl,37,37,37,36,37
gripper,prob09.pddl,41,41,41,40,41
gripper,prob10.pddl,45,45,45,44,45
gripper,prob11.pddl,49,49,49,48,49
gripper,prob12.pddl,53,53,53,52,53
gripper,prob13.pddl,57,57,57,56,57
gripper,prob14.pddl,61,61,61,60,61
gripper,prob15.pddl,65,65,65,64,65
gripper,prob16.pddl,69,69,69,68,69
gripper,prob17.pddl,73,73,73,72,73
gripper,prob18.pddl,77,77,77,76,77
gripper,prob19.pddl,81,81,81,80,81
gripper,prob20.pddl,85,85,85,84,85
logistics00,probLOGISTICS-10-0.pddl,19,41,41,34,41
logistics00,probLOGISTICS-10-1.pddl,20,39,39,32,39
logistics00,probLOGISTICS-11-0.pddl,19,45,45,38,45
logistics00,probLOGISTICS-11-1.pddl,23,55,55,48,55
logistics00,probLOGISTICS-12-0.pddl,19,39,39,32,39
logistics00,probLOGISTICS-12-1.pddl,28,63,63,56,63
logistics00,probLOGISTICS-13-0.pddl,28,67,67,58,67
logistics00,probLOGISTICS-13-1.pddl,22,57,56,48,56
logistics00,probLOGISTICS-14-0.pddl,27,55,55,46,55
logistics00,probLOGISTICS-14-1.pddl,28,67,67,58,67
logistics00,probLOGISTICS-15-0.pddl,32,71,71,62,71
logistics00,probLOGISTICS-15-1.pddl,29,63,62,54,62
logistics00,probLOGISTICS-4-0.pddl,10,19,19,16,19
logistics00,probLOGISTICS-4-1.pddl,10,17,17,14,17
logistics00,probLOGISTICS-4-2.pddl,5,13,13,10,13
logistics00,probLOGISTICS-5-0.pddl,12,25,25,22,25
logistics00,probLOGISTICS-5-1.pddl,10,15,15,12,15
logistics00,probLOGISTICS-5-2.pddl,8,8,8,6,8
logistics00,probLOGISTICS-6-0.pddl,12,23,23,20,23
logistics00,probLOGISTICS-6-1.pddl,8,13,13,10,13
logistics00,probLOGISTICS-6-2.pddl,12,23,23,20,23
logistics00,probLOGISTICS-6-9.pddl,10,21,21,18,21
logistics00,probLOGISTICS-7-0.pddl,15,33,33,28,33
logistics00,probLOGISTICS-7-1.pddl,16,39,39,34,39
logistics00,probLOGISTICS-8-0.pddl,15,29,29,24,29
logistics00,probLOGISTICS-8-1.pddl,19,41,41,36,41
logistics00,probLOGISTICS-9-0.pddl,15,33,33,28,33
logistics00,probLOGISTICS-9-1.pddl,15,29,29,24,29
logistics98,prob01.pddl,14,24,24,18,24
logistics98,prob02.pddl,13,28,28,18,28
logistics98,prob03.pddl,18,50,50,30,50
logistics98,prob04.pddl,17,53,53,34,53
logistics98,prob05.pddl,12,22,22,14,22
logistics98,prob06.pddl,26,65,63,40,63
logistics98,prob07.pddl,14,29,29,20,29
logistics98,prob08.pddl,16,37,36,24,36
logistics98,prob09.pddl,29,75,73,50,73
logistics98,prob10.pddl,36,93,92,64,92
logistics98,prob11.pddl,11,27,27,20,27
logistics98,prob12.pddl,13,37,37,24,37
logistics98,prob13.pddl,23,65,65,38,65
logistics98,prob14.pddl,37,80,79,64,79
logistics98,prob15.pddl,31,82,81,66,81
logistics98,prob16.pddl,16,52,50,40,50
logistics98,prob17.pddl,12,42,40,32,40
logistics98,prob18.pddl,50,152,148,100,148
logistics98,prob19.pddl,49,130,125,96,125
logistics98,prob20.pddl,43,128,126,84,126
logistics98,prob21.pddl,31,95,92,60,92
logistics98,prob22.pddl,86,252,244,184,244
logistics98,prob23.pddl,42,99,97,84,97
logistics98,prob24.pddl,10,39,38,24,38
logistics98,prob25.pddl,,,172,106,172
logistics98,prob26.pddl,72,175,175,118,175
logistics98,prob27.pddl,50,135,131,86,131
logistics98,prob28.pddl,,,,,
logistics98,prob29.pddl,102,274,270,206,270
logistics98,prob30.pddl,,,122,78,122
logistics98,prob31.pddl,8,12,12,8,12
logistics98,prob32.pddl,7,18,18,14,18
logistics98,prob33.pddl,16,25,25,20,25
logistics98,prob34.pddl,16,42,40,30,40
logistics98,prob35.pddl,14,29,29,18,29
miconic,s10-0.pddl,33,33,33,20,33
miconic,s10-1.pddl,32,32,32,20,32
miconic,s10-2.pddl,31,31,31,20,31
miconic,s10-3.pddl,34,34,34,20,34
miconic,s10-4.pddl,32,32,32,20,32
miconic,s1-0.pddl,3,3,3,2,3
miconic,s11-0.pddl,36,36,36,22,36
miconic,s11-1.pddl,34,34,34,22,34
miconic,s11-2.pddl,37,37,37,22,37
miconic,s11-3.pddl,37,37,37,22,37
miconic,s11-4.pddl,34,34,34,22,34
miconic,s1-1.pddl,3,3,3,2,3
miconic,s12-0.pddl,40,40,40,24,40
miconic,s12-1.pddl,40,40,40,24,40
miconic,s12-2.pddl,39,39,39,24,39
miconic,s12-3.pddl,38,38,38,24,38
miconic,s12-4.pddl,41,41,41,24,41
miconic,s1-2.pddl,3,3,3,2,3
miconic,s13-0.pddl,43,43,43,26,43
miconic,s13-1.pddl,41,41,41,26,41
miconic,s13-2.pddl,46,46,46,26,46
miconic,s13-3.pddl,43,43,43,26,43
miconic,s13-4.pddl,41,41,41,26,41
miconic,s1-3.pddl,3,3,3,2,3
miconic,s14-0.pddl,45,45,45,28,45
miconic,s14-1.pddl,47,47,47,28,47
miconic,s14-2.pddl,49,49,49,28,49
miconic,s14-3.pddl,42,42,42,28,42
miconic,s14-4.pddl,45,45,45,28,45
miconic,s1-4.pddl,3,3,3,2,3
miconic,s15-0.pddl,46,46,46,30,46
miconic,s15-1.pddl,49,49,49,30,49
miconic,s15-2.pddl,49,49,49,30,49
miconic,s15-3.pddl,50,50,50,30,50
miconic,s15-4.pddl,46,46,46,30,46
miconic,s16-0.pddl,53,53,53,32,53
miconic,s16-1.pddl,52,52,52,32,52
miconic,s16-2.pddl,54,54,54,32,54
miconic,s16-3.pddl,51,51,51,32,51
miconic,s16-4.pddl,53,53,53,32,53
miconic,s17-0.pddl,55,55,55,34,55
miconic,s17-1.pddl,54,54,54,34,54
miconic,s17-2.pddl,54,54,54,34,54
miconic,s17-3.pddl,59,59,59,34,59
miconic,s17-4.pddl,54,54,54,34,54
miconic,s18-0.pddl,59,59,59,36,59
miconic,s18-1.pddl,58,58,58,36,58
miconic,s18-2.pddl,58,58,58,36,58
miconic,s18-3.pddl,59,59,59,36,59
miconic,s18-4.pddl,56,56,56,36,56
miconic,s19-0.pddl,62,62,62,38,62
miconic,s19-1.pddl,65,65,65,38,65
miconic,s19-2.pddl,61,61,61,38,61
miconic,s19-3.pddl,63,63,63,38,63
miconic,s19-4.pddl,62,62,62,38,62
miconic,s20-0.pddl,63,63,63,40,63
miconic,s20-1.pddl,66,66,66,40,66
miconic,s20-2.pddl,62,62,62,40,62
miconic,s20-3.pddl,63,63,63,40,63
miconic,s20-4.pddl,64,64,64,40,64
miconic,s2-0.pddl,7,7,7,4,7
miconic,s21-0.pddl,69,69,69,42,69
miconic,s21-1.pddl,69,69,69,42,69
miconic,s21-2.pddl,69,69,69,42,69
miconic,s21-3.pddl,66,66,66,42,66
miconic,s21-4.pddl,70,70,70,42,70
miconic,s2-1.pddl,6,6,6,4,6
miconic,s22-0.pddl,72,72,72,44,72
miconic,s22-1.pddl,70,70,70,44,70
miconic,s22-2.pddl,71,71,71,44,71
miconic,s22-3.pddl,75,75,75,44,75
miconic,s22-4.pddl,71,71,71,44,71
miconic,s2-2.pddl,6,6,6,4,6
miconic,s23-0.pddl,75,75,75,46,75
miconic,s23-1.pddl,74,74,74,46,74
miconic,s23-2.pddl,73,73,73,46,73
miconic,s23-3.pddl,71,71,71,46,71
miconic,s23-4.pddl,74,74,74,46,74
miconic,s2-3.pddl,7,7,7,4,7
miconic,s24-0.pddl,79,79,79,48,79
miconic,s24-1.pddl,78,78,78,48,78
miconic,s24-2.pddl,77,77,77,48,77
miconic,s24-3.pddl,79,79,79,48,79
miconic,s24-4.pddl,77,77,77,48,77
miconic,s2-4.pddl,6,6,6,4,6
miconic,s25-0.pddl,81,81,81,50,81
miconic,s25-1.pddl,85,85,85,50,85
miconic,s25-2.pddl,78,78,78,50,78
miconic,s25-3.pddl,84,84,84,50,84
miconic,s25-4.pddl,82,82,82,50,82
miconic,s26-0.pddl,83,83,83,52,83
miconic,s26-1.pddl,83,83,83,52,83
miconic,s26-2.pddl,90,90,90,52,90
miconic,s26-3.pddl,88,88,88,52,88
miconic,s26-4.pddl,82,82,82,52,82
miconic,s27-0.pddl,87,87,87,54,87
miconic,s27-1.pddl,91,91,91,54,91
miconic,s27-2.pddl,87,87,87,54,87
miconic,s27-3.pddl,89,89,89,54,89
miconic,s27-4.pddl,88,88,88,54,88
miconic,s28-0.pddl,94,94,94,56,94
miconic,s28-1.pddl,92,92,92,56,92
miconic,s28-2.pddl,93,93,93,56,93
miconic,s28-3.pddl,87,87,87,56,87
miconic,s28-4.pddl,92,92,92,56,92
miconic,s29-0.pddl,94,94,94,58,94
miconic,s29-1.pddl,91,91,91,58,91
miconic,s29-2.pddl,95,95,95,58,95
miconic,s29-3.pddl,96,96,96,58,96
miconic,s29-4.pddl,99,99,99,58,99
miconic,s30-0.pddl,95,95,95,60,95
miconic,s30-1.pddl,98,98,98,60,98
miconic,s30-2.pddl,96,96,96,60,96
miconic,s30-3.pddl,100,100,100,60,100
miconic,s30-4.pddl,99,99,99,60,99
miconic,s3-0.pddl,10,10,10,6,10
miconic,s3-1.pddl,10,10,10,6,10
miconic,s3-2.pddl,9,9,9,6,9
miconic,s3-3.pddl,9,9,9,6,9
miconic,s3-4.pddl,9,9,9,6,9
miconic,s4-0.pddl,14,14,14,8,14
miconic,s4-1.pddl,13,13,13,8,13
miconic,s4-2.pddl,14,14,14,8,14
miconic,s4-3.pddl,14,14,14,8,14
miconic,s4-4.pddl,15,15,15,8,15
miconic,s5-0.pddl,17,17,17,10,17
miconic,s5-1.pddl,16,16,16,10,16
miconic,s5-2.pddl,14,14,14,10,14
miconic,s5-3.pddl,17,17,17,10,17
miconic,s5-4.pddl,17,17,17,10,17
miconic,s6-0.pddl,18,18,18,12,18
miconic,s6-1.pddl,19,19,19,12,19
miconic,s6-2.pddl,19,19,19,12,19
miconic,s6-3.pddl,18,18,18,12,18
miconic,s6-4.pddl,20,20,20,12,20
miconic,s7-0.pddl,23,23,23,14,23
miconic,s7-1.pddl,24,24,24,14,24
miconic,s7-2.pddl,22,22,22,14,22
miconic,s7-3.pddl,22,22,22,14,22
miconic,s7-4.pddl,25,25,25,14,25
miconic,s8-0.pddl,27,27,27,16,27
miconic,s8-1.pddl,26,26,26,16,26
miconic,s8-2.pddl,25,25,25,16,25
miconic,s8-3.pddl,27,27,27,16,27
miconic,s8-4.pddl,26,26,26,16,26
miconic,s9-0.pddl,30,30,30,18,30
miconic,s9-1.pddl,29,29,29,18,29
miconic,s9-2.pddl,29,29,29,18,29
miconic,s9-3.pddl,31,31,31,18,31
miconic,s9-4.pddl,27,27,27,18,27
mprime,prob01.pddl,2,5,5,2,5
mprime,prob02.pddl,3,5,4,4,4
mprime,prob03.pddl,3,4,3,2,3
mprime,prob04.pddl,4,7,6,2,6
mprime,prob05.pddl,4,7,6,4,6
mprime,prob06.pddl,3,7,6,4,6
mprime,prob07.pddl,4,5,5,2,5
mprime,prob08.pddl,2,5,4,2,4
mprime,prob09.pddl,4,6,5,4,5
mprime,prob10.pddl,2,5,5,2,5
mprime,prob11.pddl,4,7,7,4,7
mprime,prob12.pddl,2,4,4,2,4
mprime,prob13.pddl,3,10,9,4,9
mprime,prob14.pddl,3,8,7,4,7
mprime,prob15.pddl,2,4,4,2,4
mprime,prob16.pddl,3,5,4,4,4
mprime,prob17.pddl,2,4,4,2,4
mprime,prob18.pddl,2,7,7,2,7
mprime,prob19.pddl,2,4,3,2,3
mprime,prob20.pddl,2,4,4,2,4
mprime,prob21.pddl,2,3,3,2,3
mprime,prob22.pddl,2,5,5,2,5
mprime,prob23.pddl,2,6,6,2,6
mprime,prob24.pddl,2,4,4,2,4
mprime,prob25.pddl,2,4,4,2,4
mprime,prob26.pddl,2,5,4,2,4
mprime,prob27.pddl,3,5,4,4,4
mprime,prob28.pddl,4,6,5,4,5
mprime,prob29.pddl,2,3,3,2,3
mprime,prob30.pddl,4,6,5,4,5
mprime,prob31.pddl,2,3,3,2,3
mprime,prob32.pddl,2,5,5,2,5
mprime,prob33.pddl,2,7,6,2,6
mprime,prob34.pddl,2,3,3,2,3
mprime,prob35.pddl,2,4,4,2,4
mystery,prob01.pddl,2,4,4,2,4
mystery,prob02.pddl,3,5,5,4,5
mystery,prob03.pddl,3,4,4,2,4
mystery,prob04.pddl,4,,,2,7
mystery,prob05.pddl,4,8,8,4,8
mystery,prob06.pddl,3,8,7,4,7
mystery,prob07.pddl,,,,0,
mystery,prob08.pddl,2,5,5,2,5
mystery,prob09.pddl,4,7,6,4,6
mystery,prob10.pddl,2,6,6,2,6
mystery,prob11.pddl,4,7,7,4,6
mystery,prob12.pddl,2,5,4,2,4
mystery,prob13.pddl,3,10,9,4,9
mystery,prob14.pddl,3,7,7,4,7
mystery,prob15.pddl,2,5,4,2,4
mystery,prob16.pddl,3,5,5,4,4
mystery,prob17.pddl,2,4,4,2,4
mystery,prob18.pddl,,,,0,
mystery,prob19.pddl,2,4,4,2,4
mystery,prob20.pddl,2,5,5,2,5
mystery,prob21.pddl,2,3,3,2,3
mystery,prob22.pddl,2,7,6,4,6
mystery,prob23.pddl,2,9,8,4,8
mystery,prob24.pddl,2,,8,4,8
mystery,prob25.pddl,2,4,4,2,4
mystery,prob26.pddl,2,5,5,2,5
mystery,prob27.pddl,3,5,4,4,4
mystery,prob28.pddl,4,6,6,4,6
mystery,prob29.pddl,2,4,4,2,4
mystery,prob30.pddl,4,6,5,4,5
nomystery-opt11-strips,p01.pddl,9,9,9,6,9
nomystery-opt11-strips,p02.pddl,11,12,12,8,11
nomystery-opt11-strips,p03.pddl,13,13,13,10,13
nomystery-opt11-strips,p04.pddl,16,17,17,12,16
nomystery-opt11-strips,p05.pddl,20,21,21,14,20
nomystery-opt11-strips,p06.pddl,23,23,22,16,22
nomystery-opt11-strips,p07.pddl,25,27,25,18,24
nomystery-opt11-strips,p08.pddl,27,29,24,20,24
nomystery-opt11-strips,p09.pddl,28,32,30,22,28
nomystery-opt11-strips,p10.pddl,31,33,31,24,30
nomystery-opt11-strips,p11.pddl,9,9,9,6,9
nomystery-opt11-strips,p12.pddl,11,12,12,8,11
nomystery-opt11-strips,p13.pddl,13,13,13,10,13
nomystery-opt11-strips,p14.pddl,16,17,17,12,16
nomystery-opt11-strips,p15.pddl,20,21,21,14,20
nomystery-opt11-strips,p16.pddl,23,23,22,16,22
nomystery-opt11-strips,p17.pddl,25,27,25,18,24
nomystery-opt11-strips,p18.pddl,27,29,24,20,24
nomystery-opt11-strips,p19.pddl,28,32,30,22,28
nomystery-opt11-strips,p20.pddl,31,33,31,24,30
openstacks-opt08-strips,p01.pddl,0,1,1,0,1
openstacks-opt08-strips,p02.pddl,0,1,1,0,1
openstacks-opt08-strips,p03.pddl,0,1,1,0,1
openstacks-opt08-strips,p04.pddl,0,1,1,0,1
openstacks-opt08-strips,p05.pddl,0,1,1,0,1
openstacks-opt08-strips,p06.pddl,0,1,1,0,1
openstacks-opt08-strips,p07.pddl,0,1,1,0,1
openstacks-opt08-strips,p08.pddl,0,1,1,0,1
openstacks-opt08-strips,p09.pddl,0,1,1,0,1
openstacks-opt08-strips,p10.pddl,0,1,1,0,1
openstacks-opt08-strips,p11.pddl,0,1,1,0,1
openstacks-opt08-strips,p12.pddl,0,1,1,0,1
openstacks-opt08-strips,p13.pddl,0,1,1,0,1
openstacks-opt08-strips,p14.pddl,0,1,1,0,1
openstacks-opt08-strips,p15.pddl,0,1,1,0,1
openstacks-opt08-strips,p16.pddl,0,1,1,0,1
openstacks-opt08-strips,p17.pddl,0,1,1,0,1
openstacks-opt08-strips,p18.pddl,0,1,1,0,1
openstacks-opt08-strips,p19.pddl,0,1,1,0,1
openstacks-opt08-strips,p20.pddl,0,1,1,0,1
openstacks-opt08-strips,p21.pddl,0,1,1,0,1
openstacks-opt08-strips,p22.pddl,0,1,1,0,1
openstacks-opt08-strips,p23.pddl,0,1,1,0,1
openstacks-opt08-strips,p24.pddl,0,1,1,0,1
openstacks-opt08-strips,p25.pddl,0,1,1,0,1
openstacks-opt08-strips,p26.pddl,0,1,1,0,1
openstacks-opt08-strips,p27.pddl,0,1,1,0,1
openstacks-opt08-strips,p28.pddl,0,1,1,0,1
openstacks-opt08-strips,p29.pddl,0,1,1,0,1
openstacks-opt08-strips,p30.pddl,0,1,1,0,1
openstacks-opt11-strips,p01.pddl,0,1,1,0,1
openstacks-opt11-strips,p02.pddl,0,1,1,0,1
openstacks-opt11-strips,p03.pddl,0,1,1,0,1
openstacks-opt11-strips,p04.pddl,0,1,1,0,1
openstacks-opt11-strips,p05.pddl,0,1,1,0,1
openstacks-opt11-strips,p06.pddl,0,1,1,0,1
openstacks-opt11-strips,p07.pddl,0,1,1,0,1
openstacks-opt11-strips,p08.pddl,0,1,1,0,1
openstacks-opt11-strips,p09.pddl,0,1,1,0,1
openstacks-opt11-strips,p10.pddl,0,1,1,0,1
openstacks-opt11-strips,p11.pddl,0,1,1,0,1
openstacks-opt11-strips,p12.pddl,0,1,1,0,1
openstacks-opt11-strips,p13.pddl,0,1,1,0,1
openstacks-opt11-strips,p14.pddl,0,1,1,0,1
openstacks-opt11-strips,p15.pddl,0,1,1,0,1
openstacks-opt11-strips,p16.pddl,0,1,1,0,1
openstacks-opt11-strips,p17.pddl,0,1,1,0,1
openstacks-opt11-strips,p18.pddl,0,1,1,0,1
openstacks-opt11-strips,p19.pddl,0,1,1,0,1
openstacks-opt11-strips,p20.pddl,0,1,1,0,1
openstacks-strips,p01.pddl,8,17,16,10,13
openstacks-strips,p02.pddl,8,19,18,10,14
openstacks-strips,p03.pddl,8,17,16,10,13
openstacks-strips,p04.pddl,8,17,16,10,13
openstacks-strips,p05.pddl,8,17,16,10,13
openstacks-strips,p06.pddl,13,37,37,20,28
openstacks-strips,p07.pddl,13,32,31,20,23
openstacks-strips,p08.pddl,18,52,50,30,38
openstacks-strips,p09.pddl,18,52,50,30,44
openstacks-strips,p10.pddl,23,64,63,40,44
openstacks-strips,p11.pddl,23,63,62,40,44
openstacks-strips,p12.pddl,23,69,68,40,47
openstacks-strips,p13.pddl,23,61,60,40,42
openstacks-strips,p14.pddl,23,61,60,40,42
openstacks-strips,p15.pddl,23,77,77,40,57
openstacks-strips,p16.pddl,23,69,68,40,50
openstacks-strips,p17.pddl,23,74,72,40,56
openstacks-strips,p18.pddl,29,110,108,50,80
openstacks-strips,p19.pddl,28,83,82,50,54
openstacks-strips,p20.pddl,33,99,98,60,63
openstacks-strips,p21.pddl,33,94,93,60,66
openstacks-strips,p22.pddl,33,97,96,60,66
openstacks-strips,p23.pddl,33,105,104,60,71
openstacks-strips,p24.pddl,53,198,198,100,157
openstacks-strips,p25.pddl,53,,185,100,149
openstacks-strips,p26.pddl,53,163,162,100,106
openstacks-strips,p27.pddl,78,,252,150,167
openstacks-strips,p28.pddl,,,298,200,233
openstacks-strips,p29.pddl,,,381,200,307
openstacks-strips,p30.pddl,103,,394,200,283
parcprinter-08-strips,p01.pddl,169009,169009,169009,169009,169009
parcprinter-08-strips,p02.pddl,438047,438047,438047,438047,438047
parcprinter-08-strips,p03.pddl,807114,807114,807114,807114,807114
parcprinter-08-strips,p04.pddl,876094,876094,876094,876094,872094
parcprinter-08-strips,p05.pddl,1145132,1145132,1145132,1145132,1145132
parcprinter-08-strips,p06.pddl,1514199,1514199,1514199,1514199,1512198
parcprinter-08-strips,p07.pddl,1383121,1383121,1383121,1383121,1377123
parcprinter-08-strips,p08.pddl,1852217,1852217,1852217,1852217,1848215
parcprinter-08-strips,p09.pddl,2121255,2121255,2121255,2121255,2114254
parcprinter-08-strips,p10.pddl,2490322,2490322,2490322,2490322,2480317
parcprinter-08-strips,p11.pddl,165989,182808,182808,182808,165989
parcprinter-08-strips,p12.pddl,425725,510256,510256,510256,425725
parcprinter-08-strips,p13.pddl,591714,693064,693064,693064,591714
parcprinter-08-strips,p14.pddl,851450,1020512,1020512,1020512,851450
parcprinter-08-strips,p15.pddl,1323035,1695507,1695507,1695507,1323035
parcprinter-08-strips,p16.pddl,1370922,1675408,1675408,1675408,1370922
parcprinter-08-strips,p17.pddl,1443164,1713576,1713576,1713576,1443164
parcprinter-08-strips,p18.pddl,1890394,2330304,2330304,2330304,1890394
parcprinter-08-strips,p19.pddl,2579475,3352846,3352846,3352846,2579475
parcprinter-08-strips,p20.pddl,2246727,2754187,2754187,2754187,2246727
parcprinter-08-strips,p21.pddl,142599,143411,143411,143411,143411
parcprinter-08-strips,p22.pddl,374197,375821,375821,375821,375821
parcprinter-08-strips,p23.pddl,516796,519232,519232,519232,519232
parcprinter-08-strips,p24.pddl,748394,751642,751642,751642,751642
parcprinter-08-strips,p25.pddl,1192845,1215839,1215839,1215839,1196842
parcprinter-08-strips,p26.pddl,1211590,1216462,1216462,1216462,1216462
parcprinter-08-strips,p27.pddl,1265190,1270874,1270874,1270874,1270874
parcprinter-08-strips,p28.pddl,1674786,1681282,1681282,1681282,1681282
parcprinter-08-strips,p29.pddl,2336088,2377265,2377265,2377265,2340272
parcprinter-08-strips,p30.pddl,1994839,2021893,2021893,2021893,2002896
parcprinter-opt11-strips,p01.pddl,374197,375821,375821,375821,375821
parcprinter-opt11-strips,p02.pddl,438047,438047,438047,438047,438047
parcprinter-opt11-strips,p03.pddl,425725,510256,510256,510256,425725
parcprinter-opt11-strips,p04.pddl,876094,876094,876094,876094,872094
parcprinter-opt11-strips,p05.pddl,516796,519232,519232,519232,519232
parcprinter-opt11-strips,p06.pddl,1514199,1514199,1514199,1514199,1512198
parcprinter-opt11-strips,p07.pddl,1145132,1145132,1145132,1145132,1145132
parcprinter-opt11-strips,p08.pddl,748394,751642,751642,751642,751642
parcprinter-opt11-strips,p09.pddl,591714,693064,693064,693064,591714
parcprinter-opt11-strips,p10.pddl,1192845,1215839,1215839,1215839,1196842
parcprinter-opt11-strips,p11.pddl,1211590,1216462,1216462,1216462,1216462
parcprinter-opt11-strips,p12.pddl,851450,1020512,1020512,1020512,851450
parcprinter-opt11-strips,p13.pddl,1383121,1383121,1383121,1383121,1377123
parcprinter-opt11-strips,p14.pddl,1852217,1852217,1852217,1852217,1848215
parcprinter-opt11-strips,p15.pddl,2121255,2121255,2121255,2121255,2114254
parcprinter-opt11-strips,p16.pddl,2490322,2490322,2490322,2490322,2480317
parcprinter-opt11-strips,p17.pddl,1323035,1695507,1695507,1695507,1323035
parcprinter-opt11-strips,p18.pddl,1370922,1675408,1675408,1675408,1370922
parcprinter-opt11-strips,p19.pddl,1443164,1713576,1713576,1713576,1443164
parcprinter-opt11-strips,p20.pddl,1265190,1270874,1270874,1270874,1270874
parcprinter-sat11-strips,p01.pddl,1383121,1383121,1383121,1383121,1377123
parcprinter-sat11-strips,p02.pddl,1852217,1852217,1852217,1852217,1848215
parcprinter-sat11-strips,p03.pddl,2490322,2490322,2490322,2490322,2480317
parcprinter-sat11-strips,p04.pddl,2246727,2754187,2754187,2754187,2246727
parcprinter-sat11-strips,p05.pddl,1211590,1216462,1216462,1216462,1216462
parcprinter-sat11-strips,p06.pddl,1265190,1270874,1270874,1270874,1270874
parcprinter-sat11-strips,p07.pddl,2121255,2121255,2121255,2121255,2114254
parcprinter-sat11-strips,p08.pddl,1674786,1681282,1681282,1681282,1681282
parcprinter-sat11-strips,p09.pddl,2336088,2377265,2377265,2377265,2340272
parcprinter-sat11-strips,p10.pddl,1994839,2021893,2021893,2021893,2002896
parcprinter-sat11-strips,p11.pddl,1629147,1891203,1891203,1891203,1623149
parcprinter-sat11-strips,p12.pddl,2828340,2828340,2828340,2828340,2815336
parcprinter-sat11-strips,p13.pddl,3335367,3335367,3335367,3335367,3316368
parcprinter-sat11-strips,p14.pddl,2578705,3119803,3119803,3119803,2578705
parcprinter-sat11-strips,p15.pddl,2494225,3160001,3160001,3160001,2494225
parcprinter-sat11-strips,p16.pddl,2826203,3525617,3525617,3525617,2826203
parcprinter-sat11-strips,p17.pddl,1520895,1556448,1556448,1556448,1520456
parcprinter-sat11-strips,p18.pddl,2313344,2376643,2376643,2376643,2319652
parcprinter-sat11-strips,p19.pddl,2974646,3072626,3072626,3072626,2978642
parcprinter-sat11-strips,p20.pddl,2280037,2308715,2308715,2308715,2289718
parking-opt11-strips,pfile03-011.pddl,9,10,9,8,9
parking-opt11-strips,pfile03-012.pddl,13,13,13,12,13
parking-opt11-strips,pfile04-013.pddl,15,15,15,14,15
parking-opt11-strips,pfile04-014.pddl,14,15,14,13,14
parking-opt11-strips,pfile04-015.pddl,14,13,13,13,13
parking-opt11-strips,pfile04-016.pddl,13,13,13,12,13
parking-opt11-strips,pfile05-017.pddl,16,15,15,15,15
parking-opt11-strips,pfile05-018.pddl,15,14,14,14,14
parking-opt11-strips,pfile05-019.pddl,17,17,17,16,17
parking-opt11-strips,pfile05-020.pddl,17,17,17,16,16
parking-opt11-strips,pfile06-021.pddl,18,19,19,17,19
parking-opt11-strips,pfile06-022.pddl,19,20,20,18,20
parking-opt11-strips,pfile06-023.pddl,17,19,19,16,19
parking-opt11-strips,pfile06-024.pddl,18,19,18,17,18
parking-opt11-strips,pfile07-025.pddl,21,21,21,20,21
parking-opt11-strips,pfile07-026.pddl,20,19,19,19,19
parking-opt11-strips,pfile07-027.pddl,,20,20,20,20
parking-opt11-strips,pfile07-028.pddl,,23,23,20,23
parking-opt11-strips,pfile08-029.pddl,,,21,21,21
parking-opt11-strips,pfile08-030.pddl,,,22,22,22
pathways-noneg,p01.pddl,6,6,6,1,6
pathways-noneg,p02.pddl,10,12,12,2,12
pathways-noneg,p03.pddl,16,18,17,3,16
pathways-noneg,p04.pddl,15,17,16,4,15
pathways-noneg,p05.pddl,28,30,28,6,28
pathways-noneg,p06.pddl,40,55,50,8,42
pathways-noneg,p07.pddl,46,63,57,11,43
pathways-noneg,p08.pddl,52,76,66,12,53
pathways-noneg,p09.pddl,46,61,54,13,42
pathways-noneg,p10.pddl,51,73,72,14,53
pathways-noneg,p11.pddl,53,80,73,15,52
pathways-noneg,p12.pddl,61,91,74,16,63
pathways-noneg,p13.pddl,64,96,80,17,64
pathways-noneg,p14.pddl,69,98,83,18,64
pathways-noneg,p15.pddl,73,102,97,19,72
pathways-noneg,p16.pddl,72,130,115,20,74
pathways-noneg,p17.pddl,85,145,131,21,91
pathways-noneg,p18.pddl,93,159,148,24,88
pathways-noneg,p19.pddl,103,150,134,26,91
pathways-noneg,p20.pddl,95,174,155,27,90
pathways-noneg,p21.pddl,97,175,153,28,91
pathways-noneg,p22.pddl,102,149,134,29,88
pathways-noneg,p23.pddl,105,170,150,30,91
pathways-noneg,p24.pddl,105,208,188,31,102
pathways-noneg,p25.pddl,112,169,150,33,109
pathways-noneg,p26.pddl,111,188,170,34,116
pathways-noneg,p27.pddl,116,223,204,35,115
pathways-noneg,p28.pddl,119,194,165,37,111
pathways-noneg,p29.pddl,127,242,223,39,117
pathways-noneg,p30.pddl,127,252,230,40,114
pegsol-08-strips,p01.pddl,0,2,2,2,2
pegsol-08-strips,p02.pddl,0,1,1,0,1
pegsol-08-strips,p03.pddl,0,1,1,0,1
pegsol-08-strips,p04.pddl,0,2,2,2,2
pegsol-08-strips,p05.pddl,0,2,2,0,2
pegsol-08-strips,p06.pddl,0,1,1,1,1
pegsol-08-strips,p07.pddl,0,3,3,3,2
pegsol-08-strips,p08.pddl,0,1,1,0,1
pegsol-08-strips,p09.pddl,0,3,3,3,2
pegsol-08-strips,p10.pddl,0,3,3,2,3
pegsol-08-strips,p11.pddl,0,3,3,2,3
pegsol-08-strips,p12.pddl,0,3,3,2,3
pegsol-08-strips,p13.pddl,0,4,4,4,4
pegsol-08-strips,p14.pddl,0,4,4,4,2
pegsol-08-strips,p15.pddl,0,3,3,3,2
pegsol-08-strips,p16.pddl,0,7,7,7,3
pegsol-08-strips,p17.pddl,0,2,2,1,2
pegsol-08-strips,p18.pddl,0,5,5,5,5
pegsol-08-strips,p19.pddl,0,4,4,4,3
pegsol-08-strips,p20.pddl,0,2,2,1,2
pegsol-08-strips,p21.pddl,0,3,3,3,1
pegsol-08-strips,p22.pddl,0,3,3,3,1
pegsol-08-strips,p23.pddl,0,3,3,2,2
pegsol-08-strips,p24.pddl,0,4,4,4,1
pegsol-08-strips,p25.pddl,0,3,3,2,3
pegsol-08-strips,p26.pddl,0,3,3,1,3
pegsol-08-strips,p27.pddl,0,4,4,4,2
pegsol-08-strips,p28.pddl,0,8,8,8,5
pegsol-08-strips,p29.pddl,0,5,5,5,3
pegsol-08-strips,p30.pddl,0,10,10,9,9
pegsol-opt11-strips,p01.pddl,0,1,1,1,1
pegsol-opt11-strips,p02.pddl,0,2,2,1,2
pegsol-opt11-strips,p03.pddl,0,5,5,5,5
pegsol-opt11-strips,p04.pddl,0,4,4,4,3
pegsol-opt11-strips,p05.pddl,0,7,7,7,5
pegsol-opt11-strips,p06.pddl,0,2,2,2,2
pegsol-opt11-strips,p07.pddl,0,3,3,3,3
pegsol-opt11-strips,p08.pddl,0,2,2,1,2
pegsol-opt11-strips,p09.pddl,0,2,2,2,2
pegsol-opt11-strips,p10.pddl,0,3,3,3,1
pegsol-opt11-strips,p11.pddl,0,3,3,3,1
pegsol-opt11-strips,p12.pddl,0,5,5,5,4
pegsol-opt11-strips,p13.pddl,0,3,3,2,2
pegsol-opt11-strips,p14.pddl,0,4,4,4,1
pegsol-opt11-strips,p15.pddl,0,3,3,2,3
pegsol-opt11-strips,p16.pddl,0,3,3,1,3
pegsol-opt11-strips,p17.pddl,0,4,4,4,2
pegsol-opt11-strips,p18.pddl,0,8,8,8,5
pegsol-opt11-strips,p19.pddl,0,5,5,5,3
pegsol-opt11-strips,p20.pddl,0,10,10,9,9
pipesworld-notankage,p01-net1-b6-g2.pddl,3,5,5,3,5
pipesworld-notankage,p02-net1-b6-g4.pddl,4,8,8,6,6
pipesworld-notankage,p03-net1-b8-g3.pddl,3,6,6,4,6
pipesworld-notankage,p04-net1-b8-g5.pddl,5,7,7,7,6
pipesworld-notankage,p05-net1-b10-g4.pddl,4,7,6,5,6
pipesworld-notankage,p06-net1-b10-g6.pddl,6,8,7,7,7
pipesworld-notankage,p07-net1-b12-g5.pddl,5,7,6,6,6
pipesworld-notankage,p08-net1-b12-g7.pddl,7,9,8,8,7
pipesworld-notankage,p09-net1-b14-g6.pddl,6,12,12,9,8
pipesworld-notankage,p10-net1-b14-g8.pddl,8,15,14,12,11
pipesworld-notankage,p11-net2-b10-g2.pddl,5,9,8,6,7
pipesworld-notankage,p12-net2-b10-g4.pddl,7,14,14,13,9
pipesworld-notankage,p13-net2-b12-g3.pddl,5,11,11,8,8
pipesworld-notankage,p14-net2-b12-g5.pddl,8,18,18,14,10
pipesworld-notankage,p15-net2-b14-g4.pddl,6,12,11,9,7
pipesworld-notankage,p16-net2-b14-g6.pddl,10,24,18,16,9
pipesworld-notankage,p17-net2-b16-g5.pddl,8,14,14,12,9
pipesworld-notankage,p18-net2-b16-g7.pddl,11,20,18,18,9
pipesworld-notankage,p19-net2-b18-g6.pddl,9,15,15,12,10
pipesworld-notankage,p20-net2-b18-g8.pddl,13,18,18,16,10
pipesworld-notankage,p21-net3-b12-g2.pddl,4,8,8,4,7
pipesworld-notankage,p22-net3-b12-g4.pddl,6,14,14,7,12
pipesworld-notankage,p23-net3-b14-g3.pddl,5,11,10,6,9
pipesworld-notankage,p24-net3-b14-g5.pddl,8,12,12,10,10
pipesworld-notankage,p25-net3-b16-g5.pddl,8,16,16,13,11
pipesworld-notankage,p26-net3-b16-g7.pddl,10,20,20,17,12
pipesworld-notankage,p27-net3-b18-g6.pddl,9,17,16,16,11
pipesworld-notankage,p28-net3-b18-g7.pddl,10,20,20,18,14
pipesworld-notankage,p29-net3-b20-g6.pddl,9,17,17,12,12
pipesworld-notankage,p30-net3-b20-g8.pddl,11,24,22,20,14
pipesworld-notankage,p31-net4-b14-g3.pddl,5,11,11,8,9
pipesworld-notankage,p32-net4-b14-g5.pddl,7,15,15,13,9
pipesworld-notankage,p33-net4-b16-g5.pddl,6,14,14,11,10
pipesworld-notankage,p34-net4-b16-g6.pddl,8,18,17,16,12
pipesworld-notankage,p35-net4-b18-g4.pddl,5,10,10,8,6
pipesworld-notankage,p36-net4-b18-g6.pddl,7,15,15,13,10
pipesworld-notankage,p37-net4-b20-g5.pddl,6,11,11,9,7
pipesworld-notankage,p38-net4-b20-g7.pddl,9,15,15,12,9
pipesworld-notankage,p39-net4-b22-g7.pddl,9,15,15,14,8
pipesworld-notankage,p40-net4-b22-g8.pddl,10,17,17,16,8
pipesworld-notankage,p41-net5-b22-g2.pddl,3,7,7,6,6
pipesworld-notankage,p42-net5-b22-g4.pddl,5,13,13,10,9
pipesworld-notankage,p43-net5-b24-g3.pddl,4,13,13,9,11
pipesworld-notankage,p44-net5-b24-g5.pddl,7,19,19,17,11
pipesworld-notankage,p45-net5-b26-g4.pddl,6,,17,12,11
pipesworld-notankage,p46-net5-b26-g6.pddl,8,21,20,16,12
pipesworld-notankage,p47-net5-b28-g5.pddl,7,,18,12,14
pipesworld-notankage,p48-net5-b28-g7.pddl,9,,21,19,14
pipesworld-notankage,p49-net5-b30-g6.pddl,7,15,15,12,11
pipesworld-notankage,p50-net5-b30-g8.pddl,10,,20,18,13
pipesworld-tankage,p01-net1-b6-g2-t50.pddl,3,5,5,5,4
pipesworld-tankage,p02-net1-b6-g4-t50.pddl,4,8,8,8,5
pipesworld-tankage,p03-net1-b8-g3-t80.pddl,3,7,7,7,6
pipesworld-tankage,p04-net1-b8-g5-t80.pddl,5,8,8,8,6
pipesworld-tankage,p05-net1-b10-g4-t50.pddl,4,7,7,7,6
pipesworld-tankage,p06-net1-b10-g6-t50.pddl,6,9,9,9,6
pipesworld-tankage,p07-net1-b12-g5-t80.pddl,5,7,7,7,7
pipesworld-tankage,p08-net1-b12-g7-t80.pddl,7,9,9,9,7
pipesworld-tankage,p09-net1-b14-g6-t50.pddl,6,13,13,12,8
pipesworld-tankage,p10-net1-b14-g8-t50.pddl,8,16,16,16,10
pipesworld-tankage,p11-net2-b10-g2-t30.pddl,4,10,10,10,8
pipesworld-tankage,p12-net2-b10-g4-t60.pddl,6,16,16,16,8
pipesworld-tankage,p13-net2-b12-g3-t70.pddl,5,12,12,12,8
pipesworld-tankage,p14-net2-b12-g5-t30.pddl,7,18,18,16,10
pipesworld-tankage,p15-net2-b14-g4-t30.pddl,5,14,14,12,8
pipesworld-tankage,p16-net2-b14-g6-t80.pddl,8,24,22,22,9
pipesworld-tankage,p17-net2-b16-g5-t20.pddl,7,15,15,14,10
pipesworld-tankage,p18-net2-b16-g7-t60.pddl,9,22,22,22,8
pipesworld-tankage,p19-net2-b18-g6-t60.pddl,8,17,17,14,11
pipesworld-tankage,p20-net2-b18-g8-t90.pddl,,19,19,19,10
pipesworld-tankage,p21-net3-b12-g2-t60.pddl,3,10,10,8,7
pipesworld-tankage,p22-net3-b12-g4-t60.pddl,5,16,16,16,12
pipesworld-tankage,p23-net3-b14-g3-t60.pddl,5,13,13,11,10
pipesworld-tankage,p24-net3-b14-g5-t60.pddl,7,15,15,15,11
pipesworld-tankage,p25-net3-b16-g5-t60.pddl,,,20,19,10
pipesworld-tankage,p26-net3-b16-g7-t70.pddl,,,21,20,11
pipesworld-tankage,p27-net3-b18-g6-t70.pddl,,,18,18,11
pipesworld-tankage,p28-net3-b18-g7-t70.pddl,,,24,24,15
pipesworld-tankage,p29-net3-b20-g6-t70.pddl,,,20,20,12
pipesworld-tankage,p30-net3-b20-g8-t70.pddl,,,30,30,12
pipesworld-tankage,p31-net4-b14-g3-t20.pddl,5,14,14,14,11
pipesworld-tankage,p32-net4-b14-g5-t30.pddl,6,18,18,18,11
pipesworld-tankage,p33-net4-b16-g5-t60.pddl,6,20,19,19,9
pipesworld-tankage,p34-net4-b16-g6-t60.pddl,,,21,21,12
pipesworld-tankage,p35-net4-b18-g4-t90.pddl,,,12,11,9
pipesworld-tankage,p36-net4-b18-g6-t90.pddl,,,16,16,9
pipesworld-tankage,p37-net4-b20-g5-t60.pddl,,,15,14,8
pipesworld-tankage,p38-net4-b20-g7-t60.pddl,,,18,18,8
pipesworld-tankage,p39-net4-b22-g7-t50.pddl,,,20,20,9
pipesworld-tankage,p40-net4-b22-g8-t50.pddl,,,20,20,10
pipesworld-tankage,p41-net5-b22-g2-t20.pddl,,,8,8,5
pipesworld-tankage,p42-net5-b22-g4-t50.pddl,,,17,14,10
pipesworld-tankage,p43-net5-b24-g3-t80.pddl,,,15,13,11
pipesworld-tankage,p44-net5-b24-g5-t80.pddl,,,22,21,11
pipesworld-tankage,p45-net5-b26-g4-t50.pddl,,,19,17,11
pipesworld-tankage,p46-net5-b26-g6-t50.pddl,,,24,23,12
pipesworld-tankage,p47-net5-b28-g5-t50.pddl,,,22,21,14
pipesworld-tankage,p48-net5-b28-g7-t50.pddl,,,26,26,14
pipesworld-tankage,p49-net5-b30-g6-t50.pddl,,,17,16,12
pipesworld-tankage,p50-net5-b30-g8-t50.pddl,,,22,21,12
psr-small,p01-s2-n1-l2-f50.pddl,1,3,3,3,1
psr-small,p02-s5-n1-l3-f30.pddl,1,4,4,4,1
psr-small,p03-s7-n1-l3-f70.pddl,1,4,4,4,1
psr-small,p04-s8-n1-l4-f10.pddl,1,4,4,4,1
psr-small,p05-s9-n1-l4-f30.pddl,1,4,4,4,1
psr-small,p06-s10-n1-l4-f50.pddl,1,3,3,3,1
psr-small,p07-s11-n1-l4-f70.pddl,1,4,4,4,1
psr-small,p08-s12-n1-l5-f10.pddl,1,3,3,3,1
psr-small,p09-s13-n1-l5-f30.pddl,1,3,3,3,1
psr-small,p10-s17-n2-l2-f30.pddl,2,5,5,5,2
psr-small,p11-s18-n2-l2-f50.pddl,2,7,7,7,2
psr-small,p12-s21-n2-l3-f30.pddl,2,6,6,6,2
psr-small,p13-s22-n2-l3-f50.pddl,3,8,8,8,3
psr-small,p14-s23-n2-l3-f70.pddl,2,4,4,4,2
psr-small,p15-s24-n2-l4-f10.pddl,2,5,5,1,2
psr-small,p16-s29-n2-l5-f30.pddl,2,11,11,1,3
psr-small,p17-s30-n2-l5-f50.pddl,2,4,4,4,2
psr-small,p18-s31-n2-l5-f70.pddl,2,5,5,5,2
psr-small,p19-s33-n3-l2-f30.pddl,2,17,16,1,5
psr-small,p20-s34-n3-l2-f50.pddl,3,7,7,7,3
psr-small,p21-s35-n3-l2-f70.pddl,3,5,5,5,3
psr-small,p22-s37-n3-l3-f30.pddl,4,14,14,14,4
psr-small,p23-s38-n3-l3-f50.pddl,3,6,6,6,3
psr-small,p24-s39-n3-l3-f70.pddl,3,5,5,5,3
psr-small,p25-s40-n3-l4-f10.pddl,2,4,4,1,2
psr-small,p26-s41-n3-l4-f30.pddl,3,7,7,7,3
psr-small,p27-s42-n3-l4-f50.pddl,3,9,9,9,3
psr-small,p28-s43-n3-l4-f70.pddl,3,7,7,7,3
psr-small,p29-s45-n3-l5-f30.pddl,5,13,13,13,5
psr-small,p30-s46-n3-l5-f50.pddl,3,9,9,9,3
psr-small,p31-s49-n4-l2-f30.pddl,2,6,6,1,4
psr-small,p32-s50-n4-l2-f50.pddl,4,10,10,10,4
psr-small,p33-s51-n4-l2-f70.pddl,2,10,10,1,4
psr-small,p34-s55-n4-l3-f70.pddl,4,9,9,9,4
psr-small,p35-s57-n5-l2-f30.pddl,2,10,10,1,4
psr-small,p36-s65-n6-l2-f30.pddl,2,11,11,1,6
psr-small,p37-s67-n6-l2-f70.pddl,6,12,12,12,6
psr-small,p38-s78-n3-l3-f50.pddl,3,7,7,7,3
psr-small,p39-s79-n3-l3-f70.pddl,3,10,10,10,3
psr-small,p40-s80-n3-l4-f10.pddl,2,9,9,1,3
psr-small,p41-s81-n3-l4-f30.pddl,3,5,5,5,3
psr-small,p42-s82-n3-l4-f50.pddl,2,14,14,1,4
psr-small,p43-s83-n3-l4-f70.pddl,4,11,11,11,4
psr-small,p44-s89-n4-l2-f30.pddl,5,12,12,12,5
psr-small,p45-s94-n4-l3-f50.pddl,4,9,9,9,4
psr-small,p46-s97-n5-l2-f30.pddl,3,14,14,1,5
psr-small,p47-s98-n5-l2-f50.pddl,4,11,11,11,4
psr-small,p48-s101-n5-l3-f30.pddl,5,17,17,17,5
psr-small,p49-s105-n6-l2-f30.pddl,7,22,22,22,7
psr-small,p50-s107-n6-l2-f70.pddl,6,11,11,11,6
rovers,p01.pddl,5,8,7,3,7
rovers,p02.pddl,5,8,7,3,7
rovers,p03.pddl,6,11,10,3,9
rovers,p04.pddl,6,8,8,3,8
rovers,p05.pddl,11,21,20,7,17
rovers,p06.pddl,14,32,30,10,24
rovers,p07.pddl,10,16,15,6,15
rovers,p08.pddl,12,24,22,8,20
rovers,p09.pddl,14,27,26,8,21
rovers,p10.pddl,16,29,26,11,24
rovers,p11.pddl,12,26,23,9,21
rovers,p12.pddl,9,18,18,6,16
rovers,p13.pddl,15,37,31,12,27
rovers,p14.pddl,12,24,22,8,18
rovers,p15.pddl,16,36,34,10,27
rovers,p16.pddl,17,33,30,11,26
rovers,p17.pddl,19,43,41,13,33
rovers,p18.pddl,19,34,31,11,27
rovers,p19.pddl,22,55,52,17,41
rovers,p20.pddl,26,64,60,20,50
rovers,p21.pddl,18,47,43,14,36
rovers,p22.pddl,21,50,49,16,39
rovers,p23.pddl,24,53,50,19,44
rovers,p24.pddl,31,69,64,21,55
rovers,p25.pddl,13,23,22,10,22
rovers,p26.pddl,19,40,38,14,37
rovers,p27.pddl,30,65,61,20,52
rovers,p28.pddl,23,53,49,19,44
rovers,p29.pddl,21,42,41,16,38
rovers,p30.pddl,31,70,64,25,56
rovers,p31.pddl,33,82,79,24,64
rovers,p32.pddl,44,101,99,35,85
rovers,p33.pddl,55,145,142,44,109
rovers,p34.pddl,40,90,84,32,76
rovers,p35.pddl,78,,222,63,159
rovers,p36.pddl,49,127,122,41,98
rovers,p37.pddl,73,,186,58,139
rovers,p38.pddl,66,157,154,55,127
rovers,p39.pddl,75,,224,63,166
rovers,p40.pddl,84,,208,69,159
satellite,p01-pfile1.pddl,8,8,8,3,8
satellite,p02-pfile2.pddl,12,12,12,5,12
satellite,p03-pfile3.pddl,10,10,10,5,10
satellite,p04-pfile4.pddl,16,17,17,8,17
satellite,p05-pfile5.pddl,12,14,14,7,14
satellite,p06-pfile6.pddl,17,18,16,7,16
satellite,p07-pfile7.pddl,19,20,17,9,17
satellite,p08-pfile8.pddl,22,23,20,10,20
satellite,p09-pfile9.pddl,24,26,24,13,24
satellite,p10-pfile10.pddl,27,29,26,12,26
satellite,p11-pfile11.pddl,30,31,31,14,31
satellite,p12-pfile12.pddl,38,42,40,19,40
satellite,p13-pfile13.pddl,49,54,50,27,50
satellite,p14-pfile14.pddl,37,39,34,19,34
satellite,p15-pfile15.pddl,42,43,39,23,39
satellite,p16-pfile16.pddl,41,44,41,23,41
satellite,p17-pfile17.pddl,38,41,38,20,38
satellite,p18-pfile18.pddl,28,31,30,13,30
satellite,p19-pfile19.pddl,48,57,53,28,53
satellite,p20-pfile20.pddl,73,76,69,40,69
satellite,p21-HC-pfile1.pddl,57,71,69,37,69
satellite,p22-HC-pfile2.pddl,65,89,88,45,88
satellite,p23-HC-pfile3.pddl,72,97,96,51,96
satellite,p24-HC-pfile4.pddl,99,,131,70,131
satellite,p25-HC-pfile5.pddl,89,,118,64,118
satellite,p26-HC-pfile6.pddl,101,,126,68,126
satellite,p27-HC-pfile7.pddl,111,134,130,65,130
satellite,p28-HC-pfile8.pddl,137,,181,94,181
satellite,p29-HC-pfile9.pddl,140,,177,93,177
satellite,p30-HC-pfile10.pddl,174,,,,
satellite,p31-HC-pfile11.pddl,195,,,,
satellite,p32-HC-pfile12.pddl,,,,,
satellite,p33-HC-pfile13.pddl,,,,,
satellite,p34-HC-pfile14.pddl,267,,,,
satellite,p35-HC-pfile15.pddl,284,,,,
satellite,p36-HC-pfile16.pddl,,,,,
scanalyzer-08-strips,p01.pddl,18,18,18,18,18
scanalyzer-08-strips,p02.pddl,18,20,20,18,19
scanalyzer-08-strips,p03.pddl,18,19,19,18,19
scanalyzer-08-strips,p04.pddl,24,24,24,24,24
scanalyzer-08-strips,p05.pddl,24,26,26,24,25
scanalyzer-08-strips,p06.pddl,24,25,25,24,25
scanalyzer-08-strips,p07.pddl,30,30,30,30,30
scanalyzer-08-strips,p08.pddl,30,32,32,30,31
scanalyzer-08-strips,p09.pddl,30,31,31,30,31
scanalyzer-08-strips,p10.pddl,36,36,36,36,36
scanalyzer-08-strips,p11.pddl,36,38,38,36,37
scanalyzer-08-strips,p12.pddl,36,37,37,36,37
scanalyzer-08-strips,p13.pddl,42,42,42,42,42
scanalyzer-08-strips,p14.pddl,42,44,44,42,43
scanalyzer-08-strips,p15.pddl,42,43,43,42,43
scanalyzer-08-strips,p16.pddl,48,,48,48,48
scanalyzer-08-strips,p17.pddl,48,50,50,48,49
scanalyzer-08-strips,p18.pddl,48,49,49,48,49
scanalyzer-08-strips,p19.pddl,54,,54,54,54
scanalyzer-08-strips,p20.pddl,54,56,56,54,55
scanalyzer-08-strips,p21.pddl,54,55,55,54,55
scanalyzer-08-strips,p22.pddl,12,12,12,12,12
scanalyzer-08-strips,p23.pddl,12,12,12,12,12
scanalyzer-08-strips,p24.pddl,12,12,12,12,12
scanalyzer-08-strips,p25.pddl,,,24,24,24
scanalyzer-08-strips,p26.pddl,,,26,25,26
scanalyzer-08-strips,p27.pddl,25,,26,25,26
scanalyzer-08-strips,p28.pddl,,,,,
scanalyzer-08-strips,p29.pddl,,,39,38,38
scanalyzer-08-strips,p30.pddl,,,39,38,38
scanalyzer-opt11-strips,p01.pddl,12,12,12,12,12
scanalyzer-opt11-strips,p02.pddl,18,20,20,18,19
scanalyzer-opt11-strips,p03.pddl,18,19,19,18,19
scanalyzer-opt11-strips,p04.pddl,24,24,24,24,24
scanalyzer-opt11-strips,p05.pddl,30,30,30,30,30
scanalyzer-opt11-strips,p06.pddl,24,26,26,24,25
scanalyzer-opt11-strips,p07.pddl,54,,54,54,54
scanalyzer-opt11-strips,p08.pddl,36,36,36,36,36
scanalyzer-opt11-strips,p09.pddl,42,,42,42,42
scanalyzer-opt11-strips,p10.pddl,48,,48,48,48
scanalyzer-opt11-strips,p11.pddl,,,24,24,24
scanalyzer-opt11-strips,p12.pddl,24,25,25,24,25
scanalyzer-opt11-strips,p13.pddl,25,26,26,25,26
scanalyzer-opt11-strips,p14.pddl,,26,26,25,26
scanalyzer-opt11-strips,p15.pddl,30,32,32,30,31
scanalyzer-opt11-strips,p16.pddl,36,38,38,36,37
scanalyzer-opt11-strips,p17.pddl,42,44,44,42,43
scanalyzer-opt11-strips,p18.pddl,48,50,50,48,49
scanalyzer-opt11-strips,p19.pddl,54,56,56,54,55
scanalyzer-opt11-strips,p20.pddl,,,,,
sokoban-opt08-strips,p01.pddl,4,11,11,4,10
sokoban-opt08-strips,p02.pddl,3,9,9,4,9
sokoban-opt08-strips,p03.pddl,1,4,4,2,3
sokoban-opt08-strips,p04.pddl,3,26,26,3,24
sokoban-opt08-strips,p05.pddl,8,8,8,8,8
sokoban-opt08-strips,p06.pddl,1,2,2,1,2
sokoban-opt08-strips,p07.pddl,5,7,7,5,7
sokoban-opt08-strips,p08.pddl,5,16,16,8,13
sokoban-opt08-strips,p09.pddl,3,4,4,4,4
sokoban-opt08-strips,p10.pddl,4,12,12,4,10
sokoban-opt08-strips,p11.pddl,5,16,16,6,16
sokoban-opt08-strips,p12.pddl,4,9,9,4,7
sokoban-opt08-strips,p13.pddl,4,4,4,4,4
sokoban-opt08-strips,p14.pddl,3,12,12,3,10
sokoban-opt08-strips,p15.pddl,4,58,58,4,55
sokoban-opt08-strips,p16.pddl,6,20,20,6,16
sokoban-opt08-strips,p17.pddl,4,7,7,5,6
sokoban-opt08-strips,p18.pddl,7,32,32,8,28
sokoban-opt08-strips,p19.pddl,6,29,29,8,25
sokoban-opt08-strips,p20.pddl,2,2,2,2,2
sokoban-opt08-strips,p21.pddl,1,2,2,1,2
sokoban-opt08-strips,p22.pddl,4,33,33,4,28
sokoban-opt08-strips,p23.pddl,5,16,16,5,15
sokoban-opt08-strips,p24.pddl,5,19,19,5,13
sokoban-opt08-strips,p25.pddl,8,28,28,10,21
sokoban-opt08-strips,p26.pddl,5,28,28,5,22
sokoban-opt08-strips,p27.pddl,7,13,13,7,11
sokoban-opt08-strips,p28.pddl,5,19,19,5,16
sokoban-opt08-strips,p29.pddl,12,14,14,12,12
sokoban-opt08-strips,p30.pddl,12,12,12,12,9
sokoban-opt11-strips,p01.pddl,1,2,2,1,2
sokoban-opt11-strips,p02.pddl,4,7,7,5,6
sokoban-opt11-strips,p03.pddl,3,12,12,3,10
sokoban-opt11-strips,p04.pddl,3,26,26,3,24
sokoban-opt11-strips,p05.pddl,6,20,20,6,16
sokoban-opt11-strips,p06.pddl,5,16,16,6,16
sokoban-opt11-strips,p07.pddl,4,12,12,4,10
sokoban-opt11-strips,p08.pddl,3,4,4,4,4
sokoban-opt11-strips,p09.pddl,5,7,7,5,7
sokoban-opt11-strips,p10.pddl,8,8,8,8,8
sokoban-opt11-strips,p11.pddl,4,4,4,4,4
sokoban-opt11-strips,p12.pddl,2,2,2,2,2
sokoban-opt11-strips,p13.pddl,5,16,16,8,13
sokoban-opt11-strips,p14.pddl,4,9,9,4,7
sokoban-opt11-strips,p15.pddl,7,32,32,8,28
sokoban-opt11-strips,p16.pddl,4,58,58,4,55
sokoban-opt11-strips,p17.pddl,6,29,29,8,25
sokoban-opt11-strips,p18.pddl,1,2,2,1,2
sokoban-opt11-strips,p19.pddl,4,33,33,4,28
sokoban-opt11-strips,p20.pddl,5,16,16,5,15
tidybot-opt11-strips,p01.pddl,4,4,4,4,4
tidybot-opt11-strips,p02.pddl,8,20,19,4,19
tidybot-opt11-strips,p03.pddl,7,13,12,4,12
tidybot-opt11-strips,p04.pddl,8,25,25,4,25
tidybot-opt11-strips,p05.pddl,8,25,24,4,24
tidybot-opt11-strips,p06.pddl,9,27,27,4,27
tidybot-opt11-strips,p07.pddl,7,14,13,4,13
tidybot-opt11-strips,p08.pddl,8,20,19,4,19
tidybot-opt11-strips,p09.pddl,7,18,17,4,17
tidybot-opt11-strips,p10.pddl,9,23,22,4,22
tidybot-opt11-strips,p11.pddl,8,,15,4,15
tidybot-opt11-strips,p12.pddl,9,23,21,4,21
tidybot-opt11-strips,p13.pddl,8,17,16,4,16
tidybot-opt11-strips,p14.pddl,8,17,17,4,17
tidybot-opt11-strips,p15.pddl,7,,18,4,18
tidybot-opt11-strips,p16.pddl,9,,22,4,22
tidybot-opt11-strips,p17.pddl,8,,21,4,21
tidybot-opt11-strips,p18.pddl,9,,18,4,18
tidybot-opt11-strips,p19.pddl,8,,21,4,21
tidybot-opt11-strips,p20.pddl,9,,26,4,26
tpp,p01.pddl,4,4,4,3,4
tpp,p02.pddl,7,7,7,6,7
tpp,p03.pddl,10,10,10,9,10
tpp,p04.pddl,13,13,13,12,13
tpp,p05.pddl,15,17,17,15,17
tpp,p06.pddl,11,23,23,21,21
tpp,p07.pddl,13,32,32,30,26
tpp,p08.pddl,14,38,38,36,30
tpp,p09.pddl,16,45,45,42,35
tpp,p10.pddl,17,51,51,48,38
tpp,p11.pddl,8,48,48,45,29
tpp,p12.pddl,9,48,48,45,31
tpp,p13.pddl,10,41,40,39,30
tpp,p14.pddl,11,59,58,57,38
tpp,p15.pddl,12,71,70,69,44
tpp,p16.pddl,13,86,85,84,51
tpp,p17.pddl,14,72,72,69,50
tpp,p18.pddl,15,69,69,66,51
tpp,p19.pddl,16,96,96,93,61
tpp,p20.pddl,17,111,111,108,68
tpp,p21.pddl,12,110,110,108,57
tpp,p22.pddl,13,84,83,81,54
tpp,p23.pddl,14,107,107,105,61
tpp,p24.pddl,15,,106,105,61
tpp,p25.pddl,16,130,130,129,63
tpp,p26.pddl,17,,133,132,66
tpp,p27.pddl,18,,145,144,73
tpp,p28.pddl,19,,151,150,77
tpp,p29.pddl,20,,184,183,92
tpp,p30.pddl,21,,176,174,92
transport-opt08-strips,p01.pddl,15,54,54,4,53
transport-opt08-strips,p02.pddl,9,119,118,6,115
transport-opt08-strips,p03.pddl,24,154,150,8,139
transport-opt08-strips,p04.pddl,32,201,201,10,177
transport-opt08-strips,p05.pddl,44,201,199,12,169
transport-opt08-strips,p06.pddl,37,181,178,14,161
transport-opt08-strips,p07.pddl,59,231,228,16,204
transport-opt08-strips,p08.pddl,42,,171,18,161
transport-opt08-strips,p09.pddl,38,,157,20,148
transport-opt08-strips,p10.pddl,55,,232,22,205
transport-opt08-strips,p11.pddl,10,245,245,4,244
transport-opt08-strips,p12.pddl,18,330,330,6,305
transport-opt08-strips,p13.pddl,19,320,320,8,305
transport-opt08-strips,p14.pddl,35,375,374,10,344
transport-opt08-strips,p15.pddl,26,343,341,12,339
transport-opt08-strips,p16.pddl,31,440,438,14,379
transport-opt08-strips,p17.pddl,56,476,468,16,419
transport-opt08-strips,p18.pddl,39,453,453,18,395
transport-opt08-strips,p19.pddl,43,424,417,20,387
transport-opt08-strips,p20.pddl,76,,528,22,458
transport-opt08-strips,p21.pddl,42,320,320,4,319
transport-opt08-strips,p22.pddl,27,346,346,6,301
transport-opt08-strips,p23.pddl,26,457,456,8,410
transport-opt08-strips,p24.pddl,27,462,462,10,421
transport-opt08-strips,p25.pddl,54,450,448,12,403
transport-opt08-strips,p26.pddl,39,351,345,14,341
transport-opt08-strips,p27.pddl,43,379,360,16,358
transport-opt08-strips,p28.pddl,59,446,444,18,393
transport-opt08-strips,p29.pddl,73,,466,20,428
transport-opt08-strips,p30.pddl,71,,499,22,443
transport-opt11-strips,p01.pddl,26,457,456,8,410
transport-opt11-strips,p02.pddl,24,154,150,8,139
transport-opt11-strips,p03.pddl,18,330,330,6,305
transport-opt11-strips,p04.pddl,19,320,320,8,305
transport-opt11-strips,p05.pddl,27,462,462,10,421
transport-opt11-strips,p06.pddl,32,201,201,10,177
transport-opt11-strips,p07.pddl,28,163,162,12,156
transport-opt11-strips,p08.pddl,29,170,167,12,156
transport-opt11-strips,p09.pddl,31,147,146,14,138
transport-opt11-strips,p10.pddl,40,229,228,14,213
transport-opt11-strips,p11.pddl,33,364,363,16,346
transport-opt11-strips,p12.pddl,28,373,372,16,352
transport-opt11-strips,p13.pddl,38,246,246,16,224
transport-opt11-strips,p14.pddl,48,203,200,16,183
transport-opt11-strips,p15.pddl,53,480,479,18,466
transport-opt11-strips,p16.pddl,49,438,434,18,430
transport-opt11-strips,p17.pddl,44,201,199,12,169
transport-opt11-strips,p18.pddl,35,375,374,10,344
transport-opt11-strips,p19.pddl,54,450,448,12,403
transport-opt11-strips,p20.pddl,37,181,178,14,161
trucks-strips,p01.pddl,6,10,10,9,10
trucks-strips,p02.pddl,8,13,13,12,13
trucks-strips,p03.pddl,7,16,16,15,16
trucks-strips,p04.pddl,8,19,19,18,19
trucks-strips,p05.pddl,9,22,22,21,22
trucks-strips,p06.pddl,10,25,25,24,25
trucks-strips,p07.pddl,10,19,19,18,19
trucks-strips,p08.pddl,11,22,22,21,22
trucks-strips,p09.pddl,13,25,25,24,25
trucks-strips,p10.pddl,13,28,28,27,28
trucks-strips,p11.pddl,14,31,31,30,31
trucks-strips,p12.pddl,16,34,34,33,34
trucks-strips,p13.pddl,14,28,28,27,28
trucks-strips,p14.pddl,14,31,31,30,31
trucks-strips,p15.pddl,15,34,34,33,34
trucks-strips,p16.pddl,16,37,37,36,37
trucks-strips,p17.pddl,18,40,40,39,40
trucks-strips,p18.pddl,19,43,42,42,42
trucks-strips,p19.pddl,16,37,36,36,36
trucks-strips,p20.pddl,18,40,40,39,40
trucks-strips,p21.pddl,18,43,43,42,43
trucks-strips,p22.pddl,20,46,46,45,46
trucks-strips,p23.pddl,21,49,49,48,49
trucks-strips,p24.pddl,22,52,52,51,52
trucks-strips,p25.pddl,20,46,45,45,45
trucks-strips,p26.pddl,21,49,48,48,48
trucks-strips,p27.pddl,22,52,52,51,52
trucks-strips,p28.pddl,22,55,55,54,55
trucks-strips,p29.pddl,24,58,58,57,58
trucks-strips,p30.pddl,26,61,61,60,61
visitall-opt11-strips,problem02-full.pddl,3,3,3,3,2
visitall-opt11-strips,problem02-half.pddl,1,1,1,1,1
visitall-opt11-strips,problem03-full.pddl,8,8,8,8,6
visitall-opt11-strips,problem03-half.pddl,5,6,6,6,5
visitall-opt11-strips,problem04-full.pddl,15,15,15,15,11
visitall-opt11-strips,problem04-half.pddl,9,11,11,10,9
visitall-opt11-strips,problem05-full.pddl,24,24,24,24,17
visitall-opt11-strips,problem05-half.pddl,14,17,17,17,12
visitall-opt11-strips,problem06-full.pddl,35,35,35,35,24
visitall-opt11-strips,problem06-half.pddl,17,22,22,17,17
visitall-opt11-strips,problem07-full.pddl,48,48,48,48,29
visitall-opt11-strips,problem07-half.pddl,32,35,35,34,24
visitall-opt11-strips,problem08-full.pddl,63,63,63,63,39
visitall-opt11-strips,problem08-half.pddl,35,41,41,39,31
visitall-opt11-strips,problem09-full.pddl,80,80,80,80,48
visitall-opt11-strips,problem09-half.pddl,50,59,59,58,39
visitall-opt11-strips,problem10-full.pddl,99,99,99,99,60
visitall-opt11-strips,problem10-half.pddl,51,62,62,57,45
visitall-opt11-strips,problem11-full.pddl,120,120,120,120,73
visitall-opt11-strips,problem11-half.pddl,61,67,67,65,50
woodworking-opt08-strips,p01.pddl,148,170,160,130,160
woodworking-opt08-strips,p02.pddl,158,185,185,155,185
woodworking-opt08-strips,p03.pddl,215,269,265,235,265
woodworking-opt08-strips,p04.pddl,185,232,215,185,205
woodworking-opt08-strips,p05.pddl,205,237,230,200,230
woodworking-opt08-strips,p06.pddl,324,430,430,355,430
woodworking-opt08-strips,p07.pddl,321,353,350,325,350
woodworking-opt08-strips,p08.pddl,359,397,390,350,370
woodworking-opt08-strips,p09.pddl,321,430,425,390,395
woodworking-opt08-strips,p10.pddl,419,441,420,390,410
woodworking-opt08-strips,p11.pddl,125,130,120,90,120
woodworking-opt08-strips,p12.pddl,200,208,205,175,205
woodworking-opt08-strips,p13.pddl,154,177,165,135,165
woodworking-opt08-strips,p14.pddl,148,179,170,150,140
woodworking-opt08-strips,p15.pddl,234,270,270,235,270
woodworking-opt08-strips,p16.pddl,216,275,270,230,230
woodworking-opt08-strips,p17.pddl,243,254,250,220,250
woodworking-opt08-strips,p18.pddl,341,392,385,365,355
woodworking-opt08-strips,p19.pddl,331,352,345,315,345
woodworking-opt08-strips,p20.pddl,388,421,385,345,385
woodworking-opt08-strips,p21.pddl,80,95,95,65,95
woodworking-opt08-strips,p22.pddl,130,145,145,90,145
woodworking-opt08-strips,p23.pddl,174,175,175,145,175
woodworking-opt08-strips,p24.pddl,192,232,225,195,205
woodworking-opt08-strips,p25.pddl,272,371,370,310,370
woodworking-opt08-strips,p26.pddl,190,202,190,160,190
woodworking-opt08-strips,p27.pddl,255,306,300,280,240
woodworking-opt08-strips,p28.pddl,375,471,465,445,355
woodworking-opt08-strips,p29.pddl,418,509,505,475,505
woodworking-opt08-strips,p30.pddl,511,619,610,580,610
woodworking-opt11-strips,p01.pddl,174,175,175,145,175
woodworking-opt11-strips,p02.pddl,200,208,205,175,205
woodworking-opt11-strips,p03.pddl,154,177,165,135,165
woodworking-opt11-strips,p04.pddl,215,269,265,235,265
woodworking-opt11-strips,p05.pddl,192,232,225,195,205
woodworking-opt11-strips,p06.pddl,185,232,215,185,205
woodworking-opt11-strips,p07.pddl,148,179,170,150,140
woodworking-opt11-strips,p08.pddl,272,371,370,310,370
woodworking-opt11-strips,p09.pddl,205,237,230,200,230
woodworking-opt11-strips,p10.pddl,234,270,270,235,270
woodworking-opt11-strips,p11.pddl,190,202,190,160,190
woodworking-opt11-strips,p12.pddl,216,275,270,230,230
woodworking-opt11-strips,p13.pddl,324,430,430,355,430
woodworking-opt11-strips,p14.pddl,255,306,300,280,240
woodworking-opt11-strips,p15.pddl,243,254,250,220,250
woodworking-opt11-strips,p16.pddl,321,353,350,325,350
woodworking-opt11-strips,p17.pddl,375,471,465,445,355
woodworking-opt11-strips,p18.pddl,341,392,385,365,355
woodworking-opt11-strips,p19.pddl,359,397,390,350,370
woodworking-opt11-strips,p20.pddl,418,509,505,475,505
zenotravel,pfile1,1,1,1,1,1
zenotravel,pfile10,19,21,19,17,19
zenotravel,pfile11,11,12,12,9,12
zenotravel,pfile12,17,19,18,14,18
zenotravel,pfile13,22,23,22,18,22
zenotravel,pfile14,25,28,26,21,26
zenotravel,pfile15,29,34,30,24,30
zenotravel,pfile16,33,39,37,28,37
zenotravel,pfile17,49,53,47,40,47
zenotravel,pfile18,46,54,49,37,49
zenotravel,pfile19,55,,60,46,57
zenotravel,pfile2,4,4,4,3,4
zenotravel,pfile20,63,,67,50,67
zenotravel,pfile3,5,5,5,4,5
zenotravel,pfile4,6,6,6,5,6
zenotravel,pfile5,10,11,11,8,11
zenotravel,pfile6,10,11,11,8,11
zenotravel,pfile7,10,12,12,8,11
zenotravel,pfile8,9,10,10,7,10
zenotravel,pfile9,17,18,18,14,18
